{
    "action_label": 2,
    "robot_state": {
        "eef_position": [
            0.4081062972545624,
            -0.19271743297576904,
            0.022834157571196556
        ],
        "eef_orientation": [
            2.0308467144264497e-05,
            0.9999999299797437,
            0.0003292820440301816,
            0.00017663920696314785
        ]
    },
    "cube_positions": {
        "cube_0": {
            "position": [
                0.7282310279580666,
                0.08193825677049021,
                0.027489221822552045
            ],
            "orientation": [
                1.6032599796352564e-06,
                -1.2197609576008543e-05,
                -9.711656015141549e-07,
                0.9999999999238524
            ]
        },
        "cube_1": {
            "position": [
                0.4080507832202481,
                -0.19299574998973287,
                0.022489389057399518
            ],
            "orientation": [
                1.3136620434883713e-06,
                -1.093107202252231e-05,
                -7.954475559598271e-07,
                0.9999999999390766
            ]
        },
        "cube_2": {
            "position": [
                0.4189113583599595,
                0.27467669653842974,
                0.017489363101325078
            ],
            "orientation": [
                1.8299762981939564e-06,
                -1.3319692079639749e-05,
                -9.979809960559464e-07,
                0.9999999999091205
            ]
        },
        "cube_3": {
            "position": [
                0.7074289196237323,
                -0.1955173083615472,
                0.01248918322889043
            ],
            "orientation": [
                3.2543202486047854e-06,
                -2.0551414972452133e-05,
                -1.295311338501266e-06,
                0.9999999997826855
            ]
        },
        "cube_4": {
            "position": [
                0.4832986498104203,
                0.07733776040027829,
                0.007488002962406602
            ],
            "orientation": [
                1.2831707585955682e-06,
                -6.186695296052696e-05,
                -3.585380619930575e-06,
                0.9999999980789893
            ]
        }
    },
    "gripper_state": true,
    "cube_sizes": {
        "cube_0": 0.08,
        "cube_1": 0.07,
        "cube_2": 0.06,
        "cube_3": 0.05,
        "cube_4": 0.04
    },
    "stacking_cube": 1,
    "next_robot_state": {
        "eef_position": [
            0.40803712606430054,
            -0.19286663830280304,
            0.02244972623884678
        ],
        "eef_orientation": [
            1.4878111725980158e-05,
            0.9999999903455179,
            0.00012861798917100924,
            5.044817904898237e-05
        ]
    },
    "next_gripper_state": false
}