{
    "action_label": 6,
    "robot_state": {
        "eef_position": [
            0.7281021475791931,
            0.08207649737596512,
            0.24727270007133484
        ],
        "eef_orientation": [
            0.0003556968796855886,
            0.9999999178379149,
            0.00018466435305519857,
            -6.08520335761e-05
        ]
    },
    "cube_positions": {
        "cube_0": {
            "position": [
                0.7315136733399564,
                0.08323480119383642,
                0.027476441368952657
            ],
            "orientation": [
                0.00021674525423903064,
                2.3454981011838112e-05,
                0.03475945020322328,
                0.9993956839475185
            ]
        },
        "cube_1": {
            "position": [
                0.7269255978132064,
                0.08560163322211005,
                0.10246334791073054
            ],
            "orientation": [
                0.0002980595329701694,
                -5.610867410038334e-06,
                0.058055130352898235,
                0.9983133340633796
            ]
        },
        "cube_2": {
            "position": [
                0.7290642693575854,
                0.0848927809315265,
                0.16744929725307642
            ],
            "orientation": [
                0.0003760848515449021,
                2.9430428354167157e-05,
                0.008931177192434338,
                0.9999600450857983
            ]
        },
        "cube_3": {
            "position": [
                0.7278907471453823,
                0.08026104813977883,
                0.22242296032980896
            ],
            "orientation": [
                0.0001003432562625844,
                4.269534327275941e-05,
                -0.000545303715959541,
                0.999999845376086
            ]
        },
        "cube_4": {
            "position": [
                0.4832984156163796,
                0.07733774277318914,
                0.007487785262271743
            ],
            "orientation": [
                4.0888712314278705e-06,
                -6.888444822821969e-05,
                -5.384232918830204e-06,
                0.999999997604612
            ]
        }
    },
    "gripper_state": true,
    "cube_sizes": {
        "cube_0": 0.08,
        "cube_1": 0.07,
        "cube_2": 0.06,
        "cube_3": 0.05,
        "cube_4": 0.04
    },
    "stacking_cube": 3,
    "next_robot_state": {
        "eef_position": [
            0.7281020283699036,
            0.08207651227712631,
            0.2472715973854065
        ],
        "eef_orientation": [
            0.0003557066585705884,
            0.9999999178328177,
            0.00018467011561255775,
            -6.0861146712495985e-05
        ]
    },
    "next_gripper_state": true
}