{
    "action_label": 5,
    "robot_state": {
        "eef_position": [
            0.7277329564094543,
            0.08233518153429031,
            0.38700345158576965
        ],
        "eef_orientation": [
            0.00032391780257403946,
            0.9999999358293398,
            0.00015041623486909176,
            -2.8169661035078557e-05
        ]
    },
    "cube_positions": {
        "cube_0": {
            "position": [
                0.7306302608490025,
                0.08363475757691406,
                0.027488631530215565
            ],
            "orientation": [
                2.4640454270332174e-05,
                8.05488110617363e-06,
                0.030726902789794917,
                0.9995278169080205
            ]
        },
        "cube_1": {
            "position": [
                0.7267225839390469,
                0.08435676341710253,
                0.10247604486220292
            ],
            "orientation": [
                7.034785951723135e-05,
                4.046043217213071e-06,
                0.05043340978837763,
                0.9987274233803364
            ]
        },
        "cube_2": {
            "position": [
                0.7277091716782363,
                0.08230696133329721,
                0.3865449095877077
            ],
            "orientation": [
                0.003531233672391703,
                0.0014729325159254026,
                -0.001055220356109976,
                0.9999921236532588
            ]
        },
        "cube_3": {
            "position": [
                0.7074287008821667,
                -0.19551731255603183,
                0.012489001160244196
            ],
            "orientation": [
                3.910897162725632e-06,
                -2.5117170758486988e-05,
                -1.6561745183606033e-06,
                0.9999999996755449
            ]
        },
        "cube_4": {
            "position": [
                0.4832983965519789,
                0.07733774518428535,
                0.007487784786269283
            ],
            "orientation": [
                2.9619865936535873e-06,
                -6.877741463419598e-05,
                -4.528893758473705e-06,
                0.9999999976201915
            ]
        }
    },
    "gripper_state": false,
    "cube_sizes": {
        "cube_0": 0.08,
        "cube_1": 0.07,
        "cube_2": 0.06,
        "cube_3": 0.05,
        "cube_4": 0.04
    },
    "stacking_cube": 2,
    "next_robot_state": {
        "eef_position": [
            0.7280730605125427,
            0.08207856118679047,
            0.18729417026042938
        ],
        "eef_orientation": [
            0.0003023594599230223,
            0.9999999342393038,
            0.00018384946338809388,
            -7.936951393528534e-05
        ]
    },
    "next_gripper_state": true
}