{
    "action_label": 4,
    "robot_state": {
        "eef_position": [
            0.4189147651195526,
            0.27468931674957275,
            0.21676155924797058
        ],
        "eef_orientation": [
            0.00011850283685878459,
            0.9999999927140552,
            -1.066427095299216e-06,
            -2.2974554500207232e-05
        ]
    },
    "cube_positions": {
        "cube_0": {
            "position": [
                0.7305623222764352,
                0.08368048402683363,
                0.027488652809072804
            ],
            "orientation": [
                2.4277040301670307e-05,
                8.040987191609062e-06,
                0.03040260793720658,
                0.9995377335431537
            ]
        },
        "cube_1": {
            "position": [
                0.7267114228157898,
                0.08430209289036078,
                0.10247604604449599
            ],
            "orientation": [
                7.02004578882266e-05,
                4.000496453777999e-06,
                0.049682283550286574,
                0.9987650703529438
            ]
        },
        "cube_2": {
            "position": [
                0.41890086006196736,
                0.27445058055871235,
                0.21629841582909345
            ],
            "orientation": [
                0.005098757307575084,
                -0.0002356696166065205,
                0.00028455976145517114,
                0.9999869329943729
            ]
        },
        "cube_3": {
            "position": [
                0.7074287012287777,
                -0.1955173127964395,
                0.012489001496932668
            ],
            "orientation": [
                3.914803076471771e-06,
                -2.5109270564085418e-05,
                -1.6548892644846166e-06,
                0.9999999996757301
            ]
        },
        "cube_4": {
            "position": [
                0.4832984002653396,
                0.07733775151172285,
                0.007487792899220694
            ],
            "orientation": [
                2.497339729125538e-06,
                -6.847676275588841e-05,
                -4.24287186942891e-06,
                0.9999999976433471
            ]
        }
    },
    "gripper_state": false,
    "cube_sizes": {
        "cube_0": 0.08,
        "cube_1": 0.07,
        "cube_2": 0.06,
        "cube_3": 0.05,
        "cube_4": 0.04
    },
    "stacking_cube": 2,
    "next_robot_state": {
        "eef_position": [
            0.7277329564094543,
            0.08233518153429031,
            0.38700345158576965
        ],
        "eef_orientation": [
            0.00032391780257403946,
            0.9999999358293398,
            0.00015041623486909176,
            -2.8169661035078557e-05
        ]
    },
    "next_gripper_state": false
}