{
    "action_label": 5,
    "robot_state": {
        "eef_position": [
            0.8346620202064514,
            -0.023904498666524887,
            0.38675421476364136
        ],
        "eef_orientation": [
            0.00047528040729015095,
            0.9999998468619578,
            0.00028258744483360474,
            -2.2998509977732392e-05
        ]
    },
    "cube_positions": {
        "cube_0": {
            "position": [
                0.8352776795043119,
                -0.023798973689592468,
                0.027488689345823443
            ],
            "orientation": [
                -1.917897776766265e-07,
                -2.084838659861093e-05,
                0.010958330166509465,
                0.9999399554799627
            ]
        },
        "cube_1": {
            "position": [
                0.8353006044857876,
                -0.020261594378658897,
                0.10246483602788885
            ],
            "orientation": [
                -1.9156801129881364e-05,
                0.0002227919038725356,
                0.022204886667861547,
                0.9997534161006163
            ]
        },
        "cube_2": {
            "position": [
                0.8346666009136786,
                -0.02416159617069882,
                0.3865319466333377
            ],
            "orientation": [
                0.002303756400821498,
                -0.0011599556170230458,
                0.0036478629088895595,
                0.9999900201030059
            ]
        },
        "cube_3": {
            "position": [
                0.5714532809723334,
                0.15211937379629506,
                0.012488883798173292
            ],
            "orientation": [
                3.052575560180445e-06,
                -2.8000772587465672e-05,
                -0.012024799766384793,
                0.9999276990848973
            ]
        },
        "cube_4": {
            "position": [
                0.6434650602365106,
                -0.07800258147265722,
                0.007487785810107497
            ],
            "orientation": [
                2.8810888517756485e-06,
                -6.873724744217239e-05,
                -4.477543726860864e-06,
                0.9999999976234208
            ]
        }
    },
    "gripper_state": false,
    "cube_sizes": {
        "cube_0": 0.08,
        "cube_1": 0.07,
        "cube_2": 0.06,
        "cube_3": 0.05,
        "cube_4": 0.04
    },
    "stacking_cube": 2,
    "next_robot_state": {
        "eef_position": [
            0.8346948623657227,
            -0.023496143519878387,
            0.18718276917934418
        ],
        "eef_orientation": [
            0.00037689435046720085,
            0.9999998843667773,
            0.00029233419444701296,
            -6.130089261534058e-05
        ]
    },
    "next_gripper_state": true
}