{
    "action_label": 2,
    "robot_state": {
        "eef_position": [
            0.7316364049911499,
            -0.24338959157466888,
            0.018140621483325958
        ],
        "eef_orientation": [
            0.00013332282751286008,
            0.9999999342446197,
            0.0003344248668675843,
            4.354065068177356e-05
        ]
    },
    "cube_positions": {
        "cube_0": {
            "position": [
                0.835213768049516,
                -0.02383167473918921,
                0.027483238545264205
            ],
            "orientation": [
                9.808739574266881e-06,
                -0.00010183070651218406,
                0.01104568052403099,
                0.9999389893768804
            ]
        },
        "cube_1": {
            "position": [
                0.8352084667766538,
                -0.020315553977265137,
                0.10246309901277542
            ],
            "orientation": [
                -1.3847188533246259e-05,
                7.998104854397886e-05,
                0.02206600535491676,
                0.9997565127664656
            ]
        },
        "cube_2": {
            "position": [
                0.7317012646920735,
                -0.24366892480196362,
                0.017489354055244263
            ],
            "orientation": [
                1.8038319030348505e-06,
                -1.3503225122454923e-05,
                -1.0195707542415238e-06,
                0.9999999999066848
            ]
        },
        "cube_3": {
            "position": [
                0.5714532824748334,
                0.15211937388151858,
                0.01248888504891378
            ],
            "orientation": [
                3.049139775150853e-06,
                -2.7969395734404365e-05,
                -0.01202479793690788,
                0.9999276991077866
            ]
        },
        "cube_4": {
            "position": [
                0.6434650670335501,
                -0.07800257334536953,
                0.007487797336530237
            ],
            "orientation": [
                2.3223769457522547e-06,
                -6.832049060919812e-05,
                -4.139805068433586e-06,
                0.9999999976548896
            ]
        }
    },
    "gripper_state": true,
    "cube_sizes": {
        "cube_0": 0.08,
        "cube_1": 0.07,
        "cube_2": 0.06,
        "cube_3": 0.05,
        "cube_4": 0.04
    },
    "stacking_cube": 2,
    "next_robot_state": {
        "eef_position": [
            0.7316315770149231,
            -0.2435094714164734,
            0.017425227910280228
        ],
        "eef_orientation": [
            3.707497244651428e-05,
            0.9999999829364998,
            0.00018097548727803343,
            -5.652116687049526e-07
        ]
    },
    "next_gripper_state": false
}