{
    "action_label": 3,
    "robot_state": {
        "eef_position": [
            0.4188438057899475,
            0.27470138669013977,
            0.01748760975897312
        ],
        "eef_orientation": [
            3.005589487573604e-05,
            0.999999996946297,
            5.208685963690559e-05,
            -4.99100022647536e-05
        ]
    },
    "cube_positions": {
        "cube_0": {
            "position": [
                0.7305308528096583,
                0.0837016451489354,
                0.02748865545546255
            ],
            "orientation": [
                2.4233248085076106e-05,
                8.046432438912267e-06,
                0.030252336840239622,
                0.9995422929839984
            ]
        },
        "cube_1": {
            "position": [
                0.7267061879447361,
                0.08427670297713225,
                0.1024760354822711
            ],
            "orientation": [
                7.032392533674825e-05,
                3.990349625422531e-06,
                0.04933434878808701,
                0.9987823171583876
            ]
        },
        "cube_2": {
            "position": [
                0.41886312308676504,
                0.2744452905312326,
                0.017138679022462074
            ],
            "orientation": [
                0.006558291269558325,
                -0.0012007269299689747,
                0.0004393450459956896,
                0.9999776767740337
            ]
        },
        "cube_3": {
            "position": [
                0.707428701389661,
                -0.19551731290803087,
                0.012489001653213334
            ],
            "orientation": [
                3.916616128240696e-06,
                -2.5105603536175424e-05,
                -1.6542926831018473e-06,
                0.9999999996758161
            ]
        },
        "cube_4": {
            "position": [
                0.48329840456119094,
                0.07733775503684251,
                0.0074877986898129354
            ],
            "orientation": [
                2.276191302773896e-06,
                -6.827345662008535e-05,
                -4.112807165856933e-06,
                0.9999999976583194
            ]
        }
    },
    "gripper_state": false,
    "cube_sizes": {
        "cube_0": 0.08,
        "cube_1": 0.07,
        "cube_2": 0.06,
        "cube_3": 0.05,
        "cube_4": 0.04
    },
    "stacking_cube": 2,
    "next_robot_state": {
        "eef_position": [
            0.4189147651195526,
            0.27468931674957275,
            0.21676155924797058
        ],
        "eef_orientation": [
            0.00011850283685878459,
            0.9999999927140552,
            -1.066427095299216e-06,
            -2.2974554500207232e-05
        ]
    },
    "next_gripper_state": false
}