{
    "action_label": 1,
    "robot_state": {
        "eef_position": [
            0.48326921463012695,
            0.07739318162202835,
            0.3573938310146332
        ],
        "eef_orientation": [
            0.0002246019204604517,
            0.9999999694174908,
            7.738519568135894e-05,
            6.87788216916891e-05
        ]
    },
    "cube_positions": {
        "cube_0": {
            "position": [
                0.7316482527220723,
                0.08315821308335158,
                0.027476841926732793
            ],
            "orientation": [
                0.00021552669939158082,
                -6.248669744249923e-06,
                0.035454964888003246,
                0.9993712518248593
            ]
        },
        "cube_1": {
            "position": [
                0.7269031343802023,
                0.08584299522423793,
                0.10245909332239471
            ],
            "orientation": [
                0.00028256386062492056,
                0.0002017572250100597,
                0.05945508635327152,
                0.9982309212594107
            ]
        },
        "cube_2": {
            "position": [
                0.7291843848915076,
                0.08506919891908159,
                0.16743524901193624
            ],
            "orientation": [
                0.00037244869522585773,
                -2.282033850444728e-06,
                0.0120099652553375,
                0.9999278083998501
            ]
        },
        "cube_3": {
            "position": [
                0.7280102187242822,
                0.08045908752440314,
                0.22241148177118666
            ],
            "orientation": [
                9.3832195856683e-05,
                2.125031466580925e-05,
                0.0026162480189319934,
                0.999996572989251
            ]
        },
        "cube_4": {
            "position": [
                0.48329841907564447,
                0.07733774407093558,
                0.007487786514530623
            ],
            "orientation": [
                4.173991606885918e-06,
                -6.885132678932068e-05,
                -5.467662258886522e-06,
                0.9999999976060886
            ]
        }
    },
    "gripper_state": true,
    "cube_sizes": {
        "cube_0": 0.08,
        "cube_1": 0.07,
        "cube_2": 0.06,
        "cube_3": 0.05,
        "cube_4": 0.04
    },
    "stacking_cube": 4,
    "next_robot_state": {
        "eef_position": [
            0.4831709563732147,
            0.07747787982225418,
            0.007859621196985245
        ],
        "eef_orientation": [
            9.428024848682253e-05,
            0.9999999756986905,
            0.00019751564352415364,
            -2.6484410493456253e-05
        ]
    },
    "next_gripper_state": true
}