{
    "action_label": 6,
    "robot_state": {
        "eef_position": [
            0.8347609639167786,
            -0.023491207510232925,
            0.2970968782901764
        ],
        "eef_orientation": [
            0.000516631871011611,
            0.9999998167091797,
            0.0003147949159487843,
            -2.4026603461363e-05
        ]
    },
    "cube_positions": {
        "cube_0": {
            "position": [
                0.8359705941970135,
                -0.022556043878901144,
                0.02747121814373004
            ],
            "orientation": [
                -1.633791913798473e-05,
                -0.0002777546350288459,
                0.010387337808500366,
                0.9999460114419614
            ]
        },
        "cube_1": {
            "position": [
                0.840516408823517,
                -0.01680083565524357,
                0.10245995645263982
            ],
            "orientation": [
                0.0003377157045653667,
                -0.000698802091752418,
                0.058971420617678245,
                0.9982593696900983
            ]
        },
        "cube_2": {
            "position": [
                0.8236572979152954,
                -0.02090773004372015,
                0.16741728835632524
            ],
            "orientation": [
                0.0002052315924095367,
                -0.0006797386542340123,
                -0.02022599522705777,
                0.9997951815009064
            ]
        },
        "cube_3": {
            "position": [
                0.8365372357729935,
                -0.020794002208867565,
                0.22241798206236146
            ],
            "orientation": [
                0.00012081267672222416,
                -0.0008701548504219629,
                -0.01247929389893634,
                0.9999217446673602
            ]
        },
        "cube_4": {
            "position": [
                0.8340648597436847,
                -0.021970568272169245,
                0.2673893882169496
            ],
            "orientation": [
                0.00043800080959205813,
                -0.0006453855480350179,
                0.009783334161699481,
                0.9999518378429362
            ]
        }
    },
    "gripper_state": true,
    "cube_sizes": {
        "cube_0": 0.08,
        "cube_1": 0.07,
        "cube_2": 0.06,
        "cube_3": 0.05,
        "cube_4": 0.04
    },
    "stacking_cube": 4,
    "next_robot_state": {
        "eef_position": [
            0.6913298964500427,
            0.1742745339870453,
            0.4565303921699524
        ],
        "eef_orientation": [
            0.7071565638830705,
            -0.7070569645181409,
            -0.0001979143341199308,
            -6.255715782012504e-05
        ]
    },
    "next_gripper_state": false
}