{
    "action_label": 0,
    "robot_state": {
        "eef_position": [
            0.6913298964500427,
            0.1742745339870453,
            0.4565303921699524
        ],
        "eef_orientation": [
            0.7071565638830705,
            -0.7070569645181409,
            -0.0001979143341199308,
            -6.255715782012504e-05
        ]
    },
    "cube_positions": {
        "cube_0": {
            "position": [
                0.7282310436088663,
                0.0819382546668894,
                0.027489115116355572
            ],
            "orientation": [
                1.6025780127109196e-06,
                -1.1989281160239488e-05,
                -9.503540021173471e-07,
                0.9999999999263928
            ]
        },
        "cube_1": {
            "position": [
                0.4080509461058271,
                -0.19299569202262953,
                0.02248778670045573
            ],
            "orientation": [
                4.293855851434646e-07,
                -8.58069653729102e-06,
                -7.554697173557355e-07,
                0.9999999999628082
            ]
        },
        "cube_2": {
            "position": [
                0.4189116172890201,
                0.27467673522124925,
                0.017489559103369183
            ],
            "orientation": [
                7.305505753665945e-07,
                -8.876442382774689e-06,
                -7.392383992128142e-07,
                0.9999999999600643
            ]
        },
        "cube_3": {
            "position": [
                0.7074295119696818,
                -0.19551721302795697,
                0.012486569077015078
            ],
            "orientation": [
                6.11282360862975e-07,
                -8.329625156277188e-06,
                -6.925953275929946e-07,
                0.999999999964882
            ]
        },
        "cube_4": {
            "position": [
                0.4833007081118681,
                0.07733762937069755,
                0.00748804024617957
            ],
            "orientation": [
                8.023734876988542e-07,
                -8.648190104932192e-06,
                -6.846656745496059e-07,
                0.9999999999620481
            ]
        }
    },
    "gripper_state": false,
    "cube_sizes": {
        "cube_0": 0.08,
        "cube_1": 0.07,
        "cube_2": 0.06,
        "cube_3": 0.05,
        "cube_4": 0.04
    },
    "stacking_cube": 1,
    "next_robot_state": {
        "eef_position": [
            0.40813589096069336,
            -0.19290386140346527,
            0.3724155128002167
        ],
        "eef_orientation": [
            0.000105294840962473,
            0.9999999825785119,
            0.00010717089566890323,
            0.00011077170882177016
        ]
    },
    "next_gripper_state": true
}