{
    "action_label": 3,
    "robot_state": {
        "eef_position": [
            0.6433643102645874,
            -0.07785970717668533,
            0.007431014906615019
        ],
        "eef_orientation": [
            4.5868523733052487e-05,
            0.9999999840067068,
            0.00017119840503210818,
            2.3953518010586675e-05
        ]
    },
    "cube_positions": {
        "cube_0": {
            "position": [
                0.8359543668012865,
                -0.022849928031148235,
                0.02747655736298161
            ],
            "orientation": [
                -4.105036420377844e-06,
                -0.00021068657944802105,
                0.011407221307818285,
                0.9999349133300369
            ]
        },
        "cube_1": {
            "position": [
                0.8392473487150865,
                -0.017788257442296545,
                0.10245499041098081
            ],
            "orientation": [
                -3.661132896709846e-06,
                -0.00043497861685359,
                0.05353279848156505,
                0.9985659969510934
            ]
        },
        "cube_2": {
            "position": [
                0.8220573265442029,
                -0.02185900385445125,
                0.16742741579764048
            ],
            "orientation": [
                -4.08151420824049e-05,
                -0.00047926004561302265,
                -0.023140930591958632,
                0.999732097101654
            ]
        },
        "cube_3": {
            "position": [
                0.8347466399177073,
                -0.02195525228481457,
                0.22241278502271594
            ],
            "orientation": [
                0.00016451125405010774,
                -0.00020402395922950763,
                -0.013808603988040553,
                0.9999046223346368
            ]
        },
        "cube_4": {
            "position": [
                0.6433674206640388,
                -0.07800311054317151,
                0.007368694193079842
            ],
            "orientation": [
                0.0009265697479415024,
                -0.0027921538290015895,
                -0.0006509833373670017,
                0.9999954607727937
            ]
        }
    },
    "gripper_state": false,
    "cube_sizes": {
        "cube_0": 0.08,
        "cube_1": 0.07,
        "cube_2": 0.06,
        "cube_3": 0.05,
        "cube_4": 0.04
    },
    "stacking_cube": 4,
    "next_robot_state": {
        "eef_position": [
            0.6433854103088379,
            -0.07782178372144699,
            0.20662008225917816
        ],
        "eef_orientation": [
            0.00022533576717099826,
            0.9999999410344352,
            0.00024937896539561975,
            7.046310934084681e-05
        ]
    },
    "next_gripper_state": false
}