{
    "action_label": 0,
    "robot_state": {
        "eef_position": [
            0.7280492186546326,
            0.08207707852125168,
            0.1173248216509819
        ],
        "eef_orientation": [
            0.00023234998206688652,
            0.9999999521230297,
            0.00017978520401655166,
            -9.71838683227891e-05
        ]
    },
    "cube_positions": {
        "cube_0": {
            "position": [
                0.7282321977854865,
                0.08194173709901885,
                0.027489530618611643
            ],
            "orientation": [
                7.165404026889757e-07,
                -7.21589189314824e-06,
                2.8411009836229238e-06,
                0.9999999999696728
            ]
        },
        "cube_1": {
            "position": [
                0.7286266456865254,
                0.0816255795849562,
                0.10246719204257922
            ],
            "orientation": [
                1.704493495420575e-05,
                -0.00022519499130442249,
                -0.009997685408739377,
                0.9999499963913966
            ]
        },
        "cube_2": {
            "position": [
                0.41891135223917364,
                0.27467669830701763,
                0.01748935764723497
            ],
            "orientation": [
                1.8142100584730772e-06,
                -1.3430348029841728e-05,
                -1.0109983338277292e-06,
                0.9999999999076561
            ]
        },
        "cube_3": {
            "position": [
                0.7074287018130223,
                -0.19551731320168764,
                0.012489002064458967
            ],
            "orientation": [
                3.921387226966666e-06,
                -2.5095953929527312e-05,
                -1.6527227899848465e-06,
                0.9999999996760421
            ]
        },
        "cube_4": {
            "position": [
                0.4832984589819151,
                0.07733775315280293,
                0.007487844902988152
            ],
            "orientation": [
                2.122017611261435e-06,
                -6.683085861718588e-05,
                -3.97125389660014e-06,
                0.9999999977566812
            ]
        }
    },
    "gripper_state": true,
    "cube_sizes": {
        "cube_0": 0.08,
        "cube_1": 0.07,
        "cube_2": 0.06,
        "cube_3": 0.05,
        "cube_4": 0.04
    },
    "stacking_cube": 2,
    "next_robot_state": {
        "eef_position": [
            0.41892874240875244,
            0.27465200424194336,
            0.3674205541610718
        ],
        "eef_orientation": [
            0.0001571353039761281,
            0.9999999875898316,
            -7.419428037574998e-06,
            8.58982719618392e-06
        ]
    },
    "next_gripper_state": true
}