{
    "action_label": 6,
    "robot_state": {
        "eef_position": [
            0.8347264528274536,
            -0.023492133244872093,
            0.2471361756324768
        ],
        "eef_orientation": [
            0.00045371857456592173,
            0.9999998496666692,
            0.0003050431164966023,
            -4.189022599026802e-05
        ]
    },
    "cube_positions": {
        "cube_0": {
            "position": [
                0.8358796278751337,
                -0.02299717316931173,
                0.027480247093439065
            ],
            "orientation": [
                2.9122814855569132e-05,
                -0.00014867497763264455,
                0.01102190469366757,
                0.9999392454867128
            ]
        },
        "cube_1": {
            "position": [
                0.8388396926581014,
                -0.018539899149958346,
                0.10244368777153422
            ],
            "orientation": [
                0.0003084638919185427,
                -0.0004185821322124781,
                0.049178605758759764,
                0.9987898649739345
            ]
        },
        "cube_2": {
            "position": [
                0.8214820671415697,
                -0.022636518991244126,
                0.1674071783135397
            ],
            "orientation": [
                8.542646096949769e-05,
                -0.00036105274471733635,
                -0.025987770125149093,
                0.999662192016462
            ]
        },
        "cube_3": {
            "position": [
                0.8340122823318984,
                -0.022935702116654754,
                0.22239340130303967
            ],
            "orientation": [
                0.00015727134829371072,
                -0.00010786546199308982,
                -0.015029532865539803,
                0.9998870320054205
            ]
        },
        "cube_4": {
            "position": [
                0.6434650791761576,
                -0.07800258487867438,
                0.007487785237981893
            ],
            "orientation": [
                4.087476600461859e-06,
                -6.88834589752258e-05,
                -5.382836101789636e-06,
                0.9999999976046933
            ]
        }
    },
    "gripper_state": true,
    "cube_sizes": {
        "cube_0": 0.08,
        "cube_1": 0.07,
        "cube_2": 0.06,
        "cube_3": 0.05,
        "cube_4": 0.04
    },
    "stacking_cube": 3,
    "next_robot_state": {
        "eef_position": [
            0.8347263932228088,
            -0.023492075502872467,
            0.24713490903377533
        ],
        "eef_orientation": [
            0.0004538105135389248,
            0.9999998496125756,
            0.0003050891005307893,
            -4.185074300523966e-05
        ]
    },
    "next_gripper_state": true
}