{
    "action_label": 2,
    "robot_state": {
        "eef_position": [
            0.41881322860717773,
            0.2746857702732086,
            0.0179072767496109
        ],
        "eef_orientation": [
            0.00011334506288464962,
            0.9999999887074448,
            2.9078236947458218e-05,
            -9.429985841883996e-05
        ]
    },
    "cube_positions": {
        "cube_0": {
            "position": [
                0.7305232871665175,
                0.08370673129478698,
                0.027488656032309093
            ],
            "orientation": [
                2.4224418371661334e-05,
                8.048070587705274e-06,
                0.030216204953136882,
                0.9995433859051023
            ]
        },
        "cube_1": {
            "position": [
                0.7267049223824512,
                0.08427059471433607,
                0.10247603286731827
            ],
            "orientation": [
                7.035628087332131e-05,
                3.988641175792493e-06,
                0.04925070970917766,
                0.9987864449556906
            ]
        },
        "cube_2": {
            "position": [
                0.41891134885016507,
                0.27467669928600896,
                0.01748935462741792
            ],
            "orientation": [
                1.8054847750645975e-06,
                -1.3491616389558591e-05,
                -1.0182052734701164e-06,
                0.9999999999068399
            ]
        },
        "cube_3": {
            "position": [
                0.70742870142833,
                -0.19551731293485386,
                0.01248900169077712
            ],
            "orientation": [
                3.917051919408569e-06,
                -2.510472212599571e-05,
                -1.6541492876923424e-06,
                0.9999999996758367
            ]
        },
        "cube_4": {
            "position": [
                0.4832984069659284,
                0.07733775539182405,
                0.007487801036097309
            ],
            "orientation": [
                2.2441995106185625e-06,
                -6.819822510820997e-05,
                -4.091483990838713e-06,
                0.9999999976636127
            ]
        }
    },
    "gripper_state": true,
    "cube_sizes": {
        "cube_0": 0.08,
        "cube_1": 0.07,
        "cube_2": 0.06,
        "cube_3": 0.05,
        "cube_4": 0.04
    },
    "stacking_cube": 2,
    "next_robot_state": {
        "eef_position": [
            0.4188438057899475,
            0.27470138669013977,
            0.01748760975897312
        ],
        "eef_orientation": [
            3.005589487573604e-05,
            0.999999996946297,
            5.208685963690559e-05,
            -4.99100022647536e-05
        ]
    },
    "next_gripper_state": false
}