{
    "action_label": 3,
    "robot_state": {
        "eef_position": [
            0.5713065266609192,
            0.1521841138601303,
            0.012432772666215897
        ],
        "eef_orientation": [
            0.012091345659488217,
            0.999926889510727,
            9.367406562416661e-05,
            -7.885882673524202e-05
        ]
    },
    "cube_positions": {
        "cube_0": {
            "position": [
                0.8357244200343891,
                -0.02332964361144026,
                0.027481633659295786
            ],
            "orientation": [
                3.5255734032079728e-06,
                -0.00012992343467549758,
                0.013743823562316435,
                0.9999055407494047
            ]
        },
        "cube_1": {
            "position": [
                0.837189502992641,
                -0.018870994109627937,
                0.10245815010977044
            ],
            "orientation": [
                -1.242518423597054e-06,
                -0.00038220007771003504,
                0.042171766196509995,
                0.9991103022476666
            ]
        },
        "cube_2": {
            "position": [
                0.8196492807166438,
                -0.02271354231168264,
                0.167430488208765
            ],
            "orientation": [
                2.235260115049594e-05,
                -0.00045939289533514536,
                -0.033150559015859477,
                0.9994502633425362
            ]
        },
        "cube_3": {
            "position": [
                0.5712937373547441,
                0.15210041857165346,
                0.012751190563028382
            ],
            "orientation": [
                -0.0005978012197653159,
                0.0008268550953975094,
                -0.011581591073853726,
                0.9999324105621094
            ]
        },
        "cube_4": {
            "position": [
                0.6434650641698231,
                -0.07800258695311661,
                0.007487780949994352
            ],
            "orientation": [
                3.5446427871730893e-06,
                -6.895744052721822e-05,
                -4.930096497793834e-06,
                0.9999999976040005
            ]
        }
    },
    "gripper_state": false,
    "cube_sizes": {
        "cube_0": 0.08,
        "cube_1": 0.07,
        "cube_2": 0.06,
        "cube_3": 0.05,
        "cube_4": 0.04
    },
    "stacking_cube": 3,
    "next_robot_state": {
        "eef_position": [
            0.5713948011398315,
            0.15216435492038727,
            0.21167415380477905
        ],
        "eef_orientation": [
            0.012203488223980563,
            0.9999255312702704,
            7.566201213712153e-05,
            -3.26235305618384e-05
        ]
    },
    "next_gripper_state": false
}