{
    "action_label": 6,
    "robot_state": {
        "eef_position": [
            0.8346948623657227,
            -0.023496143519878387,
            0.18718276917934418
        ],
        "eef_orientation": [
            0.00037689435046720085,
            0.9999998843667773,
            0.00029233419444701296,
            -6.130089261534058e-05
        ]
    },
    "cube_positions": {
        "cube_0": {
            "position": [
                0.8353005372572149,
                -0.023787191877021524,
                0.02748320800806074
            ],
            "orientation": [
                5.496661253071737e-06,
                -0.00010873600373534069,
                0.010909698350853422,
                0.9999404815428574
            ]
        },
        "cube_1": {
            "position": [
                0.835316006257266,
                -0.020240046832928123,
                0.10246127227581159
            ],
            "orientation": [
                -1.5101182510001752e-05,
                9.673768807375851e-05,
                0.022292184003631327,
                0.9997514935953445
            ]
        },
        "cube_2": {
            "position": [
                0.8349861192935547,
                -0.022148809773581118,
                0.16744736655892026
            ],
            "orientation": [
                2.2169144436388914e-06,
                4.003981003740068e-05,
                -0.003937264628765874,
                0.9999922481395254
            ]
        },
        "cube_3": {
            "position": [
                0.5714532804700049,
                0.1521193737652065,
                0.012488883380266054
            ],
            "orientation": [
                3.0537669975177175e-06,
                -2.8011255889667728e-05,
                -0.012024800368691933,
                0.9999276990773569
            ]
        },
        "cube_4": {
            "position": [
                0.6434650601988897,
                -0.07800258355703417,
                0.007487783703808686
            ],
            "orientation": [
                3.0625292760063847e-06,
                -6.882165473453304e-05,
                -4.593921796479203e-06,
                0.9999999976165482
            ]
        }
    },
    "gripper_state": true,
    "cube_sizes": {
        "cube_0": 0.08,
        "cube_1": 0.07,
        "cube_2": 0.06,
        "cube_3": 0.05,
        "cube_4": 0.04
    },
    "stacking_cube": 2,
    "next_robot_state": {
        "eef_position": [
            0.8346947431564331,
            -0.02349608577787876,
            0.18718159198760986
        ],
        "eef_orientation": [
            0.00037698198207932875,
            0.9999998843230947,
            0.0002923747942754537,
            -6.128100742161826e-05
        ]
    },
    "next_gripper_state": true
}