{
    "action_label": 1,
    "robot_state": {
        "eef_position": [
            0.41892874240875244,
            0.27465200424194336,
            0.3674205541610718
        ],
        "eef_orientation": [
            0.0001571353039761281,
            0.9999999875898316,
            -7.419428037574998e-06,
            8.58982719618392e-06
        ]
    },
    "cube_positions": {
        "cube_0": {
            "position": [
                0.7304963608520862,
                0.08370746469363563,
                0.027489299141038506
            ],
            "orientation": [
                1.103490579851909e-05,
                -7.930110691183918e-07,
                0.030078141451479738,
                0.9995475502868418
            ]
        },
        "cube_1": {
            "position": [
                0.7266908594824535,
                0.08424039012453464,
                0.10247370144097143
            ],
            "orientation": [
                0.0001282521011870629,
                3.442470074546835e-05,
                0.04896270682019435,
                0.998800598571696
            ]
        },
        "cube_2": {
            "position": [
                0.4189113510182458,
                0.2746766986597311,
                0.017489356559308333
            ],
            "orientation": [
                1.8110663257059724e-06,
                -1.3452420681536162e-05,
                -1.0135947637231187e-06,
                0.9999999999073625
            ]
        },
        "cube_3": {
            "position": [
                0.7074287016742402,
                -0.19551731310542417,
                0.012489001929649352
            ],
            "orientation": [
                3.919823201259233e-06,
                -2.5099117145589132e-05,
                -1.6532374160335214e-06,
                0.9999999996759681
            ]
        },
        "cube_4": {
            "position": [
                0.4832984376034646,
                0.07733775381189519,
                0.007487826944778793
            ],
            "orientation": [
                2.1788312441850933e-06,
                -6.739195669598904e-05,
                -4.019735736360778e-06,
                0.9999999977187093
            ]
        }
    },
    "gripper_state": true,
    "cube_sizes": {
        "cube_0": 0.08,
        "cube_1": 0.07,
        "cube_2": 0.06,
        "cube_3": 0.05,
        "cube_4": 0.04
    },
    "stacking_cube": 2,
    "next_robot_state": {
        "eef_position": [
            0.41881322860717773,
            0.2746857702732086,
            0.0179072767496109
        ],
        "eef_orientation": [
            0.00011334506288464962,
            0.9999999887074448,
            2.9078236947458218e-05,
            -9.429985841883996e-05
        ]
    },
    "next_gripper_state": true
}