{
    "action_label": 1,
    "robot_state": {
        "eef_position": [
            0.571425199508667,
            0.1521448791027069,
            0.3623412251472473
        ],
        "eef_orientation": [
            0.012297025450026124,
            0.9999243862085292,
            7.05613467984976e-05,
            7.188464881019747e-06
        ]
    },
    "cube_positions": {
        "cube_0": {
            "position": [
                0.8355992217187651,
                -0.02344830370251392,
                0.02748696519919811
            ],
            "orientation": [
                -5.324160149617522e-05,
                4.883604596455217e-07,
                0.014546379886686864,
                0.9998941944012305
            ]
        },
        "cube_1": {
            "position": [
                0.8365911675984165,
                -0.0189612733905675,
                0.10244756549725094
            ],
            "orientation": [
                -4.887762569389881e-06,
                -0.000503452718524078,
                0.03989001331948868,
                0.9992039498264812
            ]
        },
        "cube_2": {
            "position": [
                0.8189134987492424,
                -0.022724572710116592,
                0.1674202770435731
            ],
            "orientation": [
                -1.2151283235654368e-05,
                -0.0004562801084171083,
                -0.03443303937081711,
                0.9994069028481326
            ]
        },
        "cube_3": {
            "position": [
                0.5714532800621944,
                0.15211937373385814,
                0.012488883041870253
            ],
            "orientation": [
                3.0548306886056615e-06,
                -2.8019750870561e-05,
                -0.012024800834873551,
                0.9999276990715095
            ]
        },
        "cube_4": {
            "position": [
                0.6434650611609594,
                -0.07800258511615904,
                0.007487782461420149
            ],
            "orientation": [
                3.224880448349336e-06,
                -6.887413342387307e-05,
                -4.701796551780023e-06,
                0.9999999976119235
            ]
        }
    },
    "gripper_state": true,
    "cube_sizes": {
        "cube_0": 0.08,
        "cube_1": 0.07,
        "cube_2": 0.06,
        "cube_3": 0.05,
        "cube_4": 0.04
    },
    "stacking_cube": 3,
    "next_robot_state": {
        "eef_position": [
            0.5713260173797607,
            0.1521977037191391,
            0.012979727238416672
        ],
        "eef_orientation": [
            0.012130760116370836,
            0.9999264090128809,
            0.00011443389949890016,
            -9.012483874303137e-05
        ]
    },
    "next_gripper_state": true
}