{
    "action_label": 2,
    "robot_state": {
        "eef_position": [
            0.5713260173797607,
            0.1521977037191391,
            0.012979727238416672
        ],
        "eef_orientation": [
            0.012130760116370836,
            0.9999264090128809,
            0.00011443389949890016,
            -9.012483874303137e-05
        ]
    },
    "cube_positions": {
        "cube_0": {
            "position": [
                0.8356976192402455,
                -0.02334075559914235,
                0.02748191361864844
            ],
            "orientation": [
                1.602415987522595e-06,
                -0.00012566092025572477,
                0.013761557651475858,
                0.9999052973845926
            ]
        },
        "cube_1": {
            "position": [
                0.8371526394786774,
                -0.01887392183152702,
                0.10245553103171295
            ],
            "orientation": [
                8.566608702814746e-06,
                -0.00042714061991592746,
                0.042043470398681324,
                0.9991156910359977
            ]
        },
        "cube_2": {
            "position": [
                0.8195730892018741,
                -0.022717438694267997,
                0.1674238156190219
            ],
            "orientation": [
                4.5371843477388774e-05,
                -0.0005354531206646424,
                -0.03324250755933756,
                0.9994471706511149
            ]
        },
        "cube_3": {
            "position": [
                0.5714532793937263,
                0.1521193736862199,
                0.012488882486680258
            ],
            "orientation": [
                3.05648900236004e-06,
                -2.8033687831460826e-05,
                -0.012024801607916118,
                0.9999276990618174
            ]
        },
        "cube_4": {
            "position": [
                0.6434650634270924,
                -0.0780025867992089,
                0.007487780918645534
            ],
            "orientation": [
                3.503579883194353e-06,
                -6.895518113196024e-05,
                -4.8998132168767305e-06,
                0.9999999976044499
            ]
        }
    },
    "gripper_state": true,
    "cube_sizes": {
        "cube_0": 0.08,
        "cube_1": 0.07,
        "cube_2": 0.06,
        "cube_3": 0.05,
        "cube_4": 0.04
    },
    "stacking_cube": 3,
    "next_robot_state": {
        "eef_position": [
            0.5713065266609192,
            0.1521841138601303,
            0.012432772666215897
        ],
        "eef_orientation": [
            0.012091345659488217,
            0.999926889510727,
            9.367406562416661e-05,
            -7.885882673524202e-05
        ]
    },
    "next_gripper_state": false
}