{
    "action_label": 2,
    "robot_state": {
        "eef_position": [
            0.6433683037757874,
            -0.07779796421527863,
            0.008016129955649376
        ],
        "eef_orientation": [
            9.915691969894073e-05,
            0.9999999604224376,
            0.00026185266848733463,
            2.749924952289236e-05
        ]
    },
    "cube_positions": {
        "cube_0": {
            "position": [
                0.8359295279317287,
                -0.022867020454018692,
                0.027485938391845172
            ],
            "orientation": [
                4.5238484009591144e-05,
                -3.9279106283456924e-05,
                0.011446031472033078,
                0.9999344902413221
            ]
        },
        "cube_1": {
            "position": [
                0.8392445631886991,
                -0.017823979023721723,
                0.10244725221861592
            ],
            "orientation": [
                0.0003910549618047985,
                -0.00021023944171050482,
                0.05339024278752678,
                0.9985736251526389
            ]
        },
        "cube_2": {
            "position": [
                0.822041947770479,
                -0.02193667697728076,
                0.16742266405905626
            ],
            "orientation": [
                0.00024486377560669915,
                -0.0002602517546615913,
                -0.02320784957763691,
                0.9997305977255759
            ]
        },
        "cube_3": {
            "position": [
                0.8347302996941386,
                -0.022062889062929664,
                0.22240817523584505
            ],
            "orientation": [
                0.0003430892874498079,
                -6.905873286192276e-07,
                -0.01383296446149924,
                0.9999042611087677
            ]
        },
        "cube_4": {
            "position": [
                0.643465088507337,
                -0.0780025806494834,
                0.007487788932779148
            ],
            "orientation": [
                4.309239341753724e-06,
                -6.879464921410495e-05,
                -5.611229406675947e-06,
                0.9999999976086204
            ]
        }
    },
    "gripper_state": true,
    "cube_sizes": {
        "cube_0": 0.08,
        "cube_1": 0.07,
        "cube_2": 0.06,
        "cube_3": 0.05,
        "cube_4": 0.04
    },
    "stacking_cube": 4,
    "next_robot_state": {
        "eef_position": [
            0.6433643102645874,
            -0.07785970717668533,
            0.007431014906615019
        ],
        "eef_orientation": [
            4.5868523733052487e-05,
            0.9999999840067068,
            0.00017119840503210818,
            2.3953518010586675e-05
        ]
    },
    "next_gripper_state": false
}