{
    "action_label": 5,
    "robot_state": {
        "eef_position": [
            0.8344364166259766,
            -0.023179447278380394,
            0.3169863820075989
        ],
        "eef_orientation": [
            0.00040458428033744633,
            0.9999998822438162,
            0.00026525670584651607,
            -3.824648598411538e-05
        ]
    },
    "cube_positions": {
        "cube_0": {
            "position": [
                0.8348770802080875,
                -0.023729497179191844,
                0.02748922129992071
            ],
            "orientation": [
                1.590828058661251e-06,
                -1.220433757475468e-05,
                -9.734260278705954e-07,
                0.9999999999237879
            ]
        },
        "cube_1": {
            "position": [
                0.8343984140033439,
                -0.02296144706129442,
                0.31678511234358503
            ],
            "orientation": [
                9.462573685691546e-05,
                -0.0005470612890568996,
                0.0007535374511591194,
                0.9999995619755169
            ]
        },
        "cube_2": {
            "position": [
                0.7317012692531082,
                -0.24366892611951704,
                0.017489358119408587
            ],
            "orientation": [
                1.815574597009805e-06,
                -1.3420768238599e-05,
                -1.0098714369776732e-06,
                0.9999999999077834
            ]
        },
        "cube_3": {
            "position": [
                0.5714532862719675,
                0.15211937477949242,
                0.012488888093535076
            ],
            "orientation": [
                3.028546186933132e-06,
                -2.7891976917169343e-05,
                -0.012024795638694533,
                0.9999276991376492
            ]
        },
        "cube_4": {
            "position": [
                0.6434651318149965,
                -0.07800257476273961,
                0.0074878526960075395
            ],
            "orientation": [
                2.0973594551801813e-06,
                -6.658736795218385e-05,
                -3.950215440232615e-06,
                0.9999999977730596
            ]
        }
    },
    "gripper_state": false,
    "cube_sizes": {
        "cube_0": 0.08,
        "cube_1": 0.07,
        "cube_2": 0.06,
        "cube_3": 0.05,
        "cube_4": 0.04
    },
    "stacking_cube": 1,
    "next_robot_state": {
        "eef_position": [
            0.8346720337867737,
            -0.023506101220846176,
            0.11724188923835754
        ],
        "eef_orientation": [
            0.00028698611364849305,
            0.999999918106153,
            0.000273946608364281,
            -7.987436223856995e-05
        ]
    },
    "next_gripper_state": true
}