{
    "action_label": 6,
    "robot_state": {
        "eef_position": [
            0.7280493378639221,
            0.08207705616950989,
            0.11732583492994308
        ],
        "eef_orientation": [
            0.00023231498471325358,
            0.99999995213552,
            0.0001797789757990064,
            -9.715052988582337e-05
        ]
    },
    "cube_positions": {
        "cube_0": {
            "position": [
                0.728232176611433,
                0.08194172411664309,
                0.027489524730814424
            ],
            "orientation": [
                7.078836315952925e-07,
                -7.290518104574988e-06,
                2.8726301690740445e-06,
                0.9999999999690476
            ]
        },
        "cube_1": {
            "position": [
                0.7286265813427555,
                0.08162554504567593,
                0.10246716241368062
            ],
            "orientation": [
                1.725247008737192e-05,
                -0.0002257154875341979,
                -0.009997615274372349,
                0.999949996971697
            ]
        },
        "cube_2": {
            "position": [
                0.41891135224257164,
                0.27467669830603597,
                0.01748935765026283
            ],
            "orientation": [
                1.8142188084852452e-06,
                -1.3430286598426308e-05,
                -1.0109911075137405e-06,
                0.999999999907657
            ]
        },
        "cube_3": {
            "position": [
                0.7074287018134089,
                -0.19551731320195576,
                0.012489002064834456
            ],
            "orientation": [
                3.92139158331514e-06,
                -2.5095945118946636e-05,
                -1.6527213565807872e-06,
                0.9999999996760424
            ]
        },
        "cube_4": {
            "position": [
                0.483298459041409,
                0.0773377531509694,
                0.007487844952963733
            ],
            "orientation": [
                2.1218594889863148e-06,
                -6.682929714525383e-05,
                -3.971118979073021e-06,
                0.9999999977567865
            ]
        }
    },
    "gripper_state": true,
    "cube_sizes": {
        "cube_0": 0.08,
        "cube_1": 0.07,
        "cube_2": 0.06,
        "cube_3": 0.05,
        "cube_4": 0.04
    },
    "stacking_cube": 1,
    "next_robot_state": {
        "eef_position": [
            0.7280492186546326,
            0.08207707852125168,
            0.1173248216509819
        ],
        "eef_orientation": [
            0.00023234998206688652,
            0.9999999521230297,
            0.00017978520401655166,
            -9.71838683227891e-05
        ]
    },
    "next_gripper_state": true
}