{
    "action_label": 1,
    "robot_state": {
        "eef_position": [
            0.40813589096069336,
            -0.19290386140346527,
            0.3724155128002167
        ],
        "eef_orientation": [
            0.000105294840962473,
            0.9999999825785119,
            0.00010717089566890323,
            0.00011077170882177016
        ]
    },
    "cube_positions": {
        "cube_0": {
            "position": [
                0.7282310280919488,
                0.08193825640576069,
                0.0274892220065264
            ],
            "orientation": [
                1.6076369173903736e-06,
                -1.219524129252949e-05,
                -9.703698132453492e-07,
                0.999999999923875
            ]
        },
        "cube_1": {
            "position": [
                0.4080508052244292,
                -0.19299574058805094,
                0.02248940614183269
            ],
            "orientation": [
                1.1710884351914286e-06,
                -1.0616581279244952e-05,
                -7.93185963967586e-07,
                0.9999999999426438
            ]
        },
        "cube_2": {
            "position": [
                0.41891136031805115,
                0.27467669597251776,
                0.017489364846159594
            ],
            "orientation": [
                1.8350221698613707e-06,
                -1.3284292018217914e-05,
                -9.938163382187724e-07,
                0.9999999999095863
            ]
        },
        "cube_3": {
            "position": [
                0.7074290393485676,
                -0.19551730645149806,
                0.012489283049088962
            ],
            "orientation": [
                2.9435439851163155e-06,
                -1.804722198071406e-05,
                -1.1033454112000285e-06,
                0.999999999832208
            ]
        },
        "cube_4": {
            "position": [
                0.48329886600564337,
                0.07733779529811831,
                0.00748817715775145
            ],
            "orientation": [
                -3.4136778330471936e-07,
                -5.633378202722595e-05,
                -3.243507527492417e-06,
                0.9999999984079341
            ]
        }
    },
    "gripper_state": true,
    "cube_sizes": {
        "cube_0": 0.08,
        "cube_1": 0.07,
        "cube_2": 0.06,
        "cube_3": 0.05,
        "cube_4": 0.04
    },
    "stacking_cube": 1,
    "next_robot_state": {
        "eef_position": [
            0.4081062972545624,
            -0.19271743297576904,
            0.022834157571196556
        ],
        "eef_orientation": [
            2.0308467144264497e-05,
            0.9999999299797437,
            0.0003292820440301816,
            0.00017663920696314785
        ]
    },
    "next_gripper_state": true
}