{
    "action_label": 4,
    "robot_state": {
        "eef_position": [
            0.6433854103088379,
            -0.07782178372144699,
            0.20662008225917816
        ],
        "eef_orientation": [
            0.00022533576717099826,
            0.9999999410344352,
            0.00024937896539561975,
            7.046310934084681e-05
        ]
    },
    "cube_positions": {
        "cube_0": {
            "position": [
                0.8359989298852607,
                -0.02276098907466937,
                0.027484700761910546
            ],
            "orientation": [
                -1.2876198179986314e-05,
                -9.396358556007868e-05,
                0.010854689936683426,
                0.9999410816200256
            ]
        },
        "cube_1": {
            "position": [
                0.8397922297691104,
                -0.017661719065330733,
                0.10244877697059074
            ],
            "orientation": [
                0.00025535717869291073,
                -0.0003510678172215529,
                0.05468060443298057,
                0.9985038022175693
            ]
        },
        "cube_2": {
            "position": [
                0.8227372360629757,
                -0.021775199461651972,
                0.16741810650332065
            ],
            "orientation": [
                0.00010106245153017434,
                -0.00042509853730552874,
                -0.022447002261354085,
                0.9997479388161264
            ]
        },
        "cube_3": {
            "position": [
                0.8354904538096489,
                -0.021825086417698765,
                0.22239426555108968
            ],
            "orientation": [
                7.188903148652564e-05,
                0.00014686547282658278,
                -0.013557380996855125,
                0.9999080811169625
            ]
        },
        "cube_4": {
            "position": [
                0.6433620375114381,
                -0.07804102373449831,
                0.20643679497391512
            ],
            "orientation": [
                0.0010953595496611876,
                -0.0034103560595534635,
                -0.0007819739362352746,
                0.9999932790652981
            ]
        }
    },
    "gripper_state": false,
    "cube_sizes": {
        "cube_0": 0.08,
        "cube_1": 0.07,
        "cube_2": 0.06,
        "cube_3": 0.05,
        "cube_4": 0.04
    },
    "stacking_cube": 4,
    "next_robot_state": {
        "eef_position": [
            0.8348539471626282,
            -0.02355683408677578,
            0.4967558681964874
        ],
        "eef_orientation": [
            0.0006975849389202935,
            0.999999701591215,
            0.00032902488588708073,
            4.399270981716673e-05
        ]
    },
    "next_gripper_state": false
}