{
    "action_label": 0,
    "robot_state": {
        "eef_position": [
            0.7280729413032532,
            0.08207859098911285,
            0.1872931271791458
        ],
        "eef_orientation": [
            0.00030242194583964406,
            0.9999999342162096,
            0.00018387252816934248,
            -7.936899006450738e-05
        ]
    },
    "cube_positions": {
        "cube_0": {
            "position": [
                0.7307550909438522,
                0.0836060809319324,
                0.027482096605072566
            ],
            "orientation": [
                0.0001259617076237732,
                2.6790679504444156e-06,
                0.030564991436338916,
                0.9995327735622116
            ]
        },
        "cube_1": {
            "position": [
                0.7267918983983062,
                0.08440466633796581,
                0.1024643378465054
            ],
            "orientation": [
                0.0001761050589647261,
                0.00014478066385995405,
                0.05060193845690636,
                0.9987188752847175
            ]
        },
        "cube_2": {
            "position": [
                0.728339626219866,
                0.08405982511871694,
                0.1674435949606366
            ],
            "orientation": [
                0.0003729760319539451,
                0.00012045451810601163,
                -0.0030058909661792384,
                0.9999954054889894
            ]
        },
        "cube_3": {
            "position": [
                0.7074287007424912,
                -0.19551731245914902,
                0.012489001024559387
            ],
            "orientation": [
                3.909323123669913e-06,
                -2.5120354525558677e-05,
                -1.6566924688832916e-06,
                0.9999999996754702
            ]
        },
        "cube_4": {
            "position": [
                0.48329839694895016,
                0.0773377433065366,
                0.0074877830640209374
            ],
            "orientation": [
                3.1384379652743877e-06,
                -6.884957051464043e-05,
                -4.643912463228675e-06,
                0.9999999976141605
            ]
        }
    },
    "gripper_state": true,
    "cube_sizes": {
        "cube_0": 0.08,
        "cube_1": 0.07,
        "cube_2": 0.06,
        "cube_3": 0.05,
        "cube_4": 0.04
    },
    "stacking_cube": 3,
    "next_robot_state": {
        "eef_position": [
            0.7074543833732605,
            -0.19520296156406403,
            0.36210280656814575
        ],
        "eef_orientation": [
            0.0004632251098665435,
            0.9999997948295889,
            0.0004018095099635122,
            0.00018523605343216012
        ]
    },
    "next_gripper_state": true
}