{
    "action_label": 6,
    "robot_state": {
        "eef_position": [
            0.7281299233436584,
            0.08207329362630844,
            0.29725757241249084
        ],
        "eef_orientation": [
            0.00039082917893140835,
            0.9999999057120518,
            0.00018341205307090603,
            -4.6780970735071376e-05
        ]
    },
    "cube_positions": {
        "cube_0": {
            "position": [
                0.7320354824223447,
                0.08318233210839789,
                0.027473328887131315
            ],
            "orientation": [
                0.00025103644283629,
                1.9820056633843757e-05,
                0.039503037095265925,
                0.9992194186704538
            ]
        },
        "cube_1": {
            "position": [
                0.7268441026780693,
                0.08651733396758723,
                0.10245288518689388
            ],
            "orientation": [
                0.0004752326840622845,
                3.0148607458129796e-06,
                0.0661035602508274,
                0.9978126544933031
            ]
        },
        "cube_2": {
            "position": [
                0.7294715812967416,
                0.08581760352643109,
                0.1674269138019031
            ],
            "orientation": [
                0.0007962779340400161,
                0.00010694608807362863,
                0.025372378017593775,
                0.9996777465452146
            ]
        },
        "cube_3": {
            "position": [
                0.7282941151911694,
                0.08123689305095955,
                0.22238893822062183
            ],
            "orientation": [
                0.0004032001062326405,
                -4.842461656665648e-05,
                0.016664495047177475,
                0.9998610551919469
            ]
        },
        "cube_4": {
            "position": [
                0.7251195514764488,
                0.08186013725944168,
                0.26737408132926815
            ],
            "orientation": [
                0.00023577114054511566,
                -1.0240494385358329e-05,
                -4.473433521226685e-06,
                0.9999999721435446
            ]
        }
    },
    "gripper_state": true,
    "cube_sizes": {
        "cube_0": 0.08,
        "cube_1": 0.07,
        "cube_2": 0.06,
        "cube_3": 0.05,
        "cube_4": 0.04
    },
    "stacking_cube": 4,
    "next_robot_state": {
        "eef_position": [
            0.6913298964500427,
            0.1742745339870453,
            0.4565303921699524
        ],
        "eef_orientation": [
            0.7071565638830705,
            -0.7070569645181409,
            -0.0001979143341199308,
            -6.255715782012504e-05
        ]
    },
    "next_gripper_state": false
}