{
    "action_label": 5,
    "robot_state": {
        "eef_position": [
            0.727988064289093,
            0.08203258365392685,
            0.4968910813331604
        ],
        "eef_orientation": [
            0.000400597012485966,
            0.9999999069773021,
            0.00015956696928419155,
            -1.0286050039261769e-05
        ]
    },
    "cube_positions": {
        "cube_0": {
            "position": [
                0.732000947281669,
                0.08316421485809734,
                0.02748261560868654
            ],
            "orientation": [
                0.00011586623944549276,
                8.814115480830735e-06,
                0.03888171891515437,
                0.9992438133066067
            ]
        },
        "cube_1": {
            "position": [
                0.726848994196736,
                0.08646278375741138,
                0.10245787809460313
            ],
            "orientation": [
                0.00042306193500692087,
                4.961029716445366e-05,
                0.06517177093286171,
                0.9978739694124164
            ]
        },
        "cube_2": {
            "position": [
                0.7294162006447503,
                0.08577461817327849,
                0.16743606398321165
            ],
            "orientation": [
                0.00040301692910830404,
                -0.0001374643369454581,
                0.02358554790799526,
                0.9997217315887409
            ]
        },
        "cube_3": {
            "position": [
                0.7282557325563771,
                0.08120539533338436,
                0.22241699056281886
            ],
            "orientation": [
                0.00025703185524156313,
                -0.00011265922959294453,
                0.014615885206029522,
                0.9998931428618598
            ]
        },
        "cube_4": {
            "position": [
                0.7279796307428701,
                0.08182881447823606,
                0.4969003904689794
            ],
            "orientation": [
                0.004622323771350037,
                0.0012641951942283145,
                0.0021258346360167974,
                0.9999862582858646
            ]
        }
    },
    "gripper_state": false,
    "cube_sizes": {
        "cube_0": 0.08,
        "cube_1": 0.07,
        "cube_2": 0.06,
        "cube_3": 0.05,
        "cube_4": 0.04
    },
    "stacking_cube": 4,
    "next_robot_state": {
        "eef_position": [
            0.7281299233436584,
            0.08207329362630844,
            0.29725757241249084
        ],
        "eef_orientation": [
            0.00039082917893140835,
            0.9999999057120518,
            0.00018341205307090603,
            -4.6780970735071376e-05
        ]
    },
    "next_gripper_state": true
}