{
    "action_label": 4,
    "robot_state": {
        "eef_position": [
            0.7073807120323181,
            -0.19526444375514984,
            0.21153874695301056
        ],
        "eef_orientation": [
            0.0002353688412102313,
            0.9999999161549737,
            0.00032524589126420024,
            8.066389805216997e-05
        ]
    },
    "cube_positions": {
        "cube_0": {
            "position": [
                0.7310894878101856,
                0.08347844791848788,
                0.027484365058258405
            ],
            "orientation": [
                0.00011189768251437453,
                1.742981968070328e-05,
                0.03284375884150783,
                0.9994604918055895
            ]
        },
        "cube_1": {
            "position": [
                0.7268144699589058,
                0.0849954471011902,
                0.10246478976568947
            ],
            "orientation": [
                0.00023881606412625575,
                4.129229329214471e-05,
                0.05443997028755414,
                0.9985170158274341
            ]
        },
        "cube_2": {
            "position": [
                0.7286821305399132,
                0.08443788437000518,
                0.1674396006557919
            ],
            "orientation": [
                0.0004137470331504064,
                0.00023903494878600853,
                0.0032798628577825296,
                0.9999945070725739
            ]
        },
        "cube_3": {
            "position": [
                0.7073650112172027,
                -0.19553249634723588,
                0.21162747340031843
            ],
            "orientation": [
                0.0010080292436079486,
                -0.002283608251016195,
                -2.4947652617071617e-05,
                0.9999968841891531
            ]
        },
        "cube_4": {
            "position": [
                0.4832984050996922,
                0.0773377404545581,
                0.007487781810710175
            ],
            "orientation": [
                3.7484321857445595e-06,
                -6.895205450516721e-05,
                -5.087266237055204e-06,
                0.9999999976028415
            ]
        }
    },
    "gripper_state": false,
    "cube_sizes": {
        "cube_0": 0.08,
        "cube_1": 0.07,
        "cube_2": 0.06,
        "cube_3": 0.05,
        "cube_4": 0.04
    },
    "stacking_cube": 3,
    "next_robot_state": {
        "eef_position": [
            0.7282013297080994,
            0.08144237101078033,
            0.4466977119445801
        ],
        "eef_orientation": [
            0.00038968869482587415,
            0.9999999104605188,
            0.00016477686092601583,
            -8.382220334269808e-06
        ]
    },
    "next_gripper_state": false
}