{
    "action_label": 1,
    "robot_state": {
        "eef_position": [
            0.6434521079063416,
            -0.077797070145607,
            0.35723504424095154
        ],
        "eef_orientation": [
            0.0003806571825990343,
            0.999999879383051,
            0.0002774753205684793,
            0.00013907350391530453
        ]
    },
    "cube_positions": {
        "cube_0": {
            "position": [
                0.8358595478703312,
                -0.022960675404732168,
                0.027487337903982306
            ],
            "orientation": [
                2.5912741474353004e-06,
                -6.025856284831602e-05,
                0.011278870276815673,
                0.9999363897005997
            ]
        },
        "cube_1": {
            "position": [
                0.8389593782905972,
                -0.018265631225972374,
                0.10243403373031786
            ],
            "orientation": [
                0.0006976742948147497,
                -0.00015700849471671433,
                0.05095105901681335,
                0.9987008952554194
            ]
        },
        "cube_2": {
            "position": [
                0.821685775385385,
                -0.022404070660797238,
                0.1674005129839237
            ],
            "orientation": [
                0.0004083307730384767,
                -0.00016167772752971355,
                -0.02488831586024796,
                0.9996901414237978
            ]
        },
        "cube_3": {
            "position": [
                0.8342682889641544,
                -0.022675196968071975,
                0.2223762150860905
            ],
            "orientation": [
                0.00038808358416488325,
                0.0002649191425384247,
                -0.014345390502103181,
                0.9998969891845468
            ]
        },
        "cube_4": {
            "position": [
                0.6434650820798226,
                -0.0780025837550999,
                0.007487786380933367
            ],
            "orientation": [
                4.162335658343853e-06,
                -6.885770177022393e-05,
                -5.456015939187384e-06,
                0.9999999976057619
            ]
        }
    },
    "gripper_state": true,
    "cube_sizes": {
        "cube_0": 0.08,
        "cube_1": 0.07,
        "cube_2": 0.06,
        "cube_3": 0.05,
        "cube_4": 0.04
    },
    "stacking_cube": 4,
    "next_robot_state": {
        "eef_position": [
            0.6433683037757874,
            -0.07779796421527863,
            0.008016129955649376
        ],
        "eef_orientation": [
            9.915691969894073e-05,
            0.9999999604224376,
            0.00026185266848733463,
            2.749924952289236e-05
        ]
    },
    "next_gripper_state": true
}