{
    "action_label": 6,
    "robot_state": {
        "eef_position": [
            0.8346720337867737,
            -0.023506101220846176,
            0.11724188923835754
        ],
        "eef_orientation": [
            0.00028698611364849305,
            0.999999918106153,
            0.000273946608364281,
            -7.987436223856995e-05
        ]
    },
    "cube_positions": {
        "cube_0": {
            "position": [
                0.8348767556235162,
                -0.023725093384628432,
                0.02748948129439937
            ],
            "orientation": [
                -1.2878670415261171e-06,
                -7.933375935085457e-06,
                2.44295492824311e-05,
                0.9999999996693
            ]
        },
        "cube_1": {
            "position": [
                0.8352979565214667,
                -0.02048264605155325,
                0.1024702523607129
            ],
            "orientation": [
                9.447032985483501e-05,
                -0.00011079131620780324,
                0.0050422517591270834,
                0.9999872771679841
            ]
        },
        "cube_2": {
            "position": [
                0.7317012680160749,
                -0.24366892576214075,
                0.017489357017128913
            ],
            "orientation": [
                1.8123892224666568e-06,
                -1.3443132077539455e-05,
                -1.0125021413117855e-06,
                0.9999999999074861
            ]
        },
        "cube_3": {
            "position": [
                0.5714532841560783,
                0.15211937408627313,
                0.012488886429819617
            ],
            "orientation": [
                3.043386479066529e-06,
                -2.7934586876825295e-05,
                -0.012024796262433985,
                0.9999276991289138
            ]
        },
        "cube_4": {
            "position": [
                0.6434651101562053,
                -0.07800257409520495,
                0.007487834502359424
            ],
            "orientation": [
                2.154923094838287e-06,
                -6.715582286407662e-05,
                -3.9993323592046696e-06,
                0.9999999977347285
            ]
        }
    },
    "gripper_state": true,
    "cube_sizes": {
        "cube_0": 0.08,
        "cube_1": 0.07,
        "cube_2": 0.06,
        "cube_3": 0.05,
        "cube_4": 0.04
    },
    "stacking_cube": 1,
    "next_robot_state": {
        "eef_position": [
            0.8346719145774841,
            -0.02350606769323349,
            0.11724068224430084
        ],
        "eef_orientation": [
            0.00028702313371518115,
            0.999999918089333,
            0.00027395644545414813,
            -7.991817077704427e-05
        ]
    },
    "next_gripper_state": true
}