{
    "action_label": 4,
    "robot_state": {
        "eef_position": [
            0.48325836658477783,
            0.07740402221679688,
            0.2067580372095108
        ],
        "eef_orientation": [
            0.00018479398156613842,
            0.9999999777294164,
            9.777070736700948e-05,
            2.886589326696378e-05
        ]
    },
    "cube_positions": {
        "cube_0": {
            "position": [
                0.7319417806179364,
                0.08309008750674239,
                0.027482443770522298
            ],
            "orientation": [
                0.00011738416749800276,
                8.391555951832264e-06,
                0.03757043943322238,
                0.9992939748799318
            ]
        },
        "cube_1": {
            "position": [
                0.7268304513777939,
                0.08633624825990754,
                0.10245783378981585
            ],
            "orientation": [
                0.0004337490111860156,
                5.27363718698304e-05,
                0.06317834060785464,
                0.9980021574920108
            ]
        },
        "cube_2": {
            "position": [
                0.72935159715082,
                0.08552155334783101,
                0.16743584263705985
            ],
            "orientation": [
                0.0003767867141549322,
                -0.00015353663446429758,
                0.019701364223526387,
                0.9998058265013291
            ]
        },
        "cube_3": {
            "position": [
                0.7281702148919683,
                0.08096239493691391,
                0.2224164279192787
            ],
            "orientation": [
                0.00028151271860833325,
                -9.997810931086838e-05,
                0.010658840991473479,
                0.9999431483157857
            ]
        },
        "cube_4": {
            "position": [
                0.48325476618554825,
                0.07730636100174916,
                0.20677437017460135
            ],
            "orientation": [
                0.004517703902726642,
                -0.0009198760907677353,
                0.0032642393848417053,
                0.99998404433304
            ]
        }
    },
    "gripper_state": false,
    "cube_sizes": {
        "cube_0": 0.08,
        "cube_1": 0.07,
        "cube_2": 0.06,
        "cube_3": 0.05,
        "cube_4": 0.04
    },
    "stacking_cube": 4,
    "next_robot_state": {
        "eef_position": [
            0.727988064289093,
            0.08203258365392685,
            0.4968910813331604
        ],
        "eef_orientation": [
            0.000400597012485966,
            0.9999999069773021,
            0.00015956696928419155,
            -1.0286050039261769e-05
        ]
    },
    "next_gripper_state": false
}