{
    "action_label": 3,
    "robot_state": {
        "eef_position": [
            0.7316315770149231,
            -0.2435094714164734,
            0.017425227910280228
        ],
        "eef_orientation": [
            3.707497244651428e-05,
            0.9999999829364998,
            0.00018097548727803343,
            -5.652116687049526e-07
        ]
    },
    "cube_positions": {
        "cube_0": {
            "position": [
                0.8352138851797367,
                -0.02383125191412161,
                0.027483207452200394
            ],
            "orientation": [
                9.861224319725405e-06,
                -0.00010224506234431933,
                0.01104257677322436,
                0.9999390236143957
            ]
        },
        "cube_1": {
            "position": [
                0.8352095873099483,
                -0.02031571101617781,
                0.10246294796810718
            ],
            "orientation": [
                -1.383279453975666e-05,
                8.131013214081162e-05,
                0.02205928032805402,
                0.9997566610674442
            ]
        },
        "cube_2": {
            "position": [
                0.7316244731984703,
                -0.2437805859233749,
                0.017337103574495433
            ],
            "orientation": [
                0.0012021233156456065,
                -0.0009293503194757555,
                0.00043242556315467465,
                0.9999987521070464
            ]
        },
        "cube_3": {
            "position": [
                0.57145328233298,
                0.15211937387321758,
                0.012488884930872165
            ],
            "orientation": [
                3.0494686013377295e-06,
                -2.7972357387796673e-05,
                -0.01202479810876457,
                0.9999276991056361
            ]
        },
        "cube_4": {
            "position": [
                0.6434650659752988,
                -0.07800257422312866,
                0.007487795885827162
            ],
            "orientation": [
                2.37634148758536e-06,
                -6.837023785028063e-05,
                -4.171315296983077e-06,
                0.9999999976512318
            ]
        }
    },
    "gripper_state": false,
    "cube_sizes": {
        "cube_0": 0.08,
        "cube_1": 0.07,
        "cube_2": 0.06,
        "cube_3": 0.05,
        "cube_4": 0.04
    },
    "stacking_cube": 2,
    "next_robot_state": {
        "eef_position": [
            0.7316696047782898,
            -0.24338878691196442,
            0.21651092171669006
        ],
        "eef_orientation": [
            0.00023960693828598234,
            0.9999999052511781,
            0.0003503007341931851,
            9.682740006469457e-05
        ]
    },
    "next_gripper_state": false
}