{
    "action_label": 0,
    "robot_state": {
        "eef_position": [
            0.8346947431564331,
            -0.02349608577787876,
            0.18718159198760986
        ],
        "eef_orientation": [
            0.00037698198207932875,
            0.9999998843230947,
            0.0002923747942754537,
            -6.128100742161826e-05
        ]
    },
    "cube_positions": {
        "cube_0": {
            "position": [
                0.8353007192196603,
                -0.023786905490950448,
                0.027483139759614618
            ],
            "orientation": [
                3.4615936622078324e-06,
                -0.00010968490784114166,
                0.010909474250390868,
                0.9999404838933257
            ]
        },
        "cube_1": {
            "position": [
                0.8353159782157422,
                -0.02023940349839996,
                0.1024610925970673
            ],
            "orientation": [
                -1.5904294582497036e-05,
                9.210336621705429e-05,
                0.0222927956614441,
                0.9997514803818098
            ]
        },
        "cube_2": {
            "position": [
                0.8349858230713493,
                -0.022147893177831827,
                0.16744736675180177
            ],
            "orientation": [
                4.3895466738295083e-07,
                4.1839325327480243e-05,
                -0.00393746229162226,
                0.9999922472899379
            ]
        },
        "cube_3": {
            "position": [
                0.5714532804687005,
                0.15211937376511253,
                0.012488883379182771
            ],
            "orientation": [
                3.053770307650016e-06,
                -2.801128307613198e-05,
                -0.012024800370207771,
                0.9999276990773378
            ]
        },
        "cube_4": {
            "position": [
                0.6434650602507374,
                -0.07800258357349649,
                0.007487783683819534
            ],
            "orientation": [
                3.0636542928560515e-06,
                -6.882084563319594e-05,
                -4.594582436818006e-06,
                0.9999999976165975
            ]
        }
    },
    "gripper_state": true,
    "cube_sizes": {
        "cube_0": 0.08,
        "cube_1": 0.07,
        "cube_2": 0.06,
        "cube_3": 0.05,
        "cube_4": 0.04
    },
    "stacking_cube": 3,
    "next_robot_state": {
        "eef_position": [
            0.571425199508667,
            0.1521448791027069,
            0.3623412251472473
        ],
        "eef_orientation": [
            0.012297025450026124,
            0.9999243862085292,
            7.05613467984976e-05,
            7.188464881019747e-06
        ]
    },
    "next_gripper_state": true
}