{
    "action_label": 1,
    "robot_state": {
        "eef_position": [
            0.7074543833732605,
            -0.19520296156406403,
            0.36210280656814575
        ],
        "eef_orientation": [
            0.0004632251098665435,
            0.9999997948295889,
            0.0004018095099635122,
            0.00018523605343216012
        ]
    },
    "cube_positions": {
        "cube_0": {
            "position": [
                0.7307940796560248,
                0.08362102895390257,
                0.027482973684196246
            ],
            "orientation": [
                0.0001113225801918664,
                9.97478683376126e-06,
                0.031010642637120365,
                0.9995190481181535
            ]
        },
        "cube_1": {
            "position": [
                0.7267763127126029,
                0.08449230749360957,
                0.10247331025056872
            ],
            "orientation": [
                0.00012401831057004051,
                9.567774457194308e-06,
                0.051228036045969906,
                0.998686974407291
            ]
        },
        "cube_2": {
            "position": [
                0.7283633395413484,
                0.08412964681236512,
                0.16745899577217538
            ],
            "orientation": [
                3.806312321530601e-05,
                1.2955586772137666e-06,
                -0.0019292503390749929,
                0.9999981382695916
            ]
        },
        "cube_3": {
            "position": [
                0.7074287006143923,
                -0.195517312370307,
                0.012489000900133964
            ],
            "orientation": [
                3.907879719818777e-06,
                -2.5123274099694195e-05,
                -1.6571674367279963e-06,
                0.9999999996754017
            ]
        },
        "cube_4": {
            "position": [
                0.4832983982015687,
                0.07733774196546934,
                0.007487782180825954
            ],
            "orientation": [
                3.2934069955598047e-06,
                -6.889221306265169e-05,
                -4.7487209157699094e-06,
                0.9999999976102331
            ]
        }
    },
    "gripper_state": true,
    "cube_sizes": {
        "cube_0": 0.08,
        "cube_1": 0.07,
        "cube_2": 0.06,
        "cube_3": 0.05,
        "cube_4": 0.04
    },
    "stacking_cube": 3,
    "next_robot_state": {
        "eef_position": [
            0.7073565721511841,
            -0.19526314735412598,
            0.013107924722135067
        ],
        "eef_orientation": [
            0.00011760656385299897,
            0.9999999439461534,
            0.00031179949402695474,
            3.251863756937151e-05
        ]
    },
    "next_gripper_state": true
}