{
    "action_label": 2,
    "robot_state": {
        "eef_position": [
            0.7073565721511841,
            -0.19526314735412598,
            0.013107924722135067
        ],
        "eef_orientation": [
            0.00011760656385299897,
            0.9999999439461534,
            0.00031179949402695474,
            3.251863756937151e-05
        ]
    },
    "cube_positions": {
        "cube_0": {
            "position": [
                0.7308997212775101,
                0.08360376019011306,
                0.027484196424404302
            ],
            "orientation": [
                9.833601612542093e-05,
                3.18907538858806e-05,
                0.03193590895028983,
                0.9994899134221048
            ]
        },
        "cube_1": {
            "position": [
                0.7267689484832466,
                0.08468703291328918,
                0.10246226626390517
            ],
            "orientation": [
                0.00031145443655536447,
                1.2423828256199727e-05,
                0.05266727867630332,
                0.9986120671204685
            ]
        },
        "cube_2": {
            "position": [
                0.7284999155286617,
                0.08420427643295025,
                0.16744358222657735
            ],
            "orientation": [
                0.00028069689209851765,
                0.00019347449769419468,
                0.0005480683922874754,
                0.9999997916989337
            ]
        },
        "cube_3": {
            "position": [
                0.7074287003643553,
                -0.19551731219688803,
                0.012489000657252516
            ],
            "orientation": [
                3.905062211644383e-06,
                -2.5128973184427474e-05,
                -1.6580945794326598e-06,
                0.999999999675268
            ]
        },
        "cube_4": {
            "position": [
                0.48329840087621856,
                0.07733774063541711,
                0.0074877810172333335
            ],
            "orientation": [
                3.5564233161691748e-06,
                -6.895687319372967e-05,
                -4.938810110792654e-06,
                0.9999999976039547
            ]
        }
    },
    "gripper_state": true,
    "cube_sizes": {
        "cube_0": 0.08,
        "cube_1": 0.07,
        "cube_2": 0.06,
        "cube_3": 0.05,
        "cube_4": 0.04
    },
    "stacking_cube": 3,
    "next_robot_state": {
        "eef_position": [
            0.7073136568069458,
            -0.19528695940971375,
            0.012379293330013752
        ],
        "eef_orientation": [
            6.993243168333499e-05,
            0.9999999637331363,
            0.0002600628419470511,
            3.240257986495223e-06
        ]
    },
    "next_gripper_state": false
}