{
    "action_label": 2,
    "robot_state": {
        "eef_position": [
            0.5745217800140381,
            0.23808123171329498,
            0.023024054244160652
        ],
        "eef_orientation": [
            0.01043177767097957,
            0.9999455795309653,
            4.957325647605224e-05,
            -0.00011633399100654823
        ]
    },
    "cube_positions": {
        "cube_0": {
            "position": [
                0.8348770805109639,
                -0.023729498003957145,
                0.027489221716015026
            ],
            "orientation": [
                1.600725524028004e-06,
                -1.219898103455388e-05,
                -9.716264117455886e-07,
                0.9999999999238393
            ]
        },
        "cube_1": {
            "position": [
                0.5746372846507586,
                0.23804411004079024,
                0.022489156018846043
            ],
            "orientation": [
                1.4271933494734414e-06,
                -1.5091365469111625e-05,
                -0.010310612961771838,
                0.9999468441025084
            ]
        },
        "cube_2": {
            "position": [
                0.7317012737077202,
                -0.24366892740664606,
                0.017489362088805933
            ],
            "orientation": [
                1.8270486582148973e-06,
                -1.3340234615205093e-05,
                -1.0003976733240948e-06,
                0.9999999999088496
            ]
        },
        "cube_3": {
            "position": [
                0.5714539564668302,
                0.15211917413405987,
                0.012489367532599412
            ],
            "orientation": [
                5.111816516453497e-06,
                -1.3949062443305678e-05,
                -0.012023751405178739,
                0.9999277119779406
            ]
        },
        "cube_4": {
            "position": [
                0.6434652554601576,
                -0.07800257199458359,
                0.007487955440477787
            ],
            "orientation": [
                1.6025386518395266e-06,
                -6.336451806356443e-05,
                -3.693309653948197e-06,
                0.9999999979843646
            ]
        }
    },
    "gripper_state": true,
    "cube_sizes": {
        "cube_0": 0.08,
        "cube_1": 0.07,
        "cube_2": 0.06,
        "cube_3": 0.05,
        "cube_4": 0.04
    },
    "stacking_cube": 1,
    "next_robot_state": {
        "eef_position": [
            0.5745607614517212,
            0.23807479441165924,
            0.02247444912791252
        ],
        "eef_orientation": [
            0.010355992729259418,
            0.9999463724798201,
            4.3995920279929974e-05,
            -6.036057779942075e-05
        ]
    },
    "next_gripper_state": false
}