{
    "action_label": 5,
    "robot_state": {
        "eef_position": [
            0.7276880741119385,
            0.08162273466587067,
            0.31711915135383606
        ],
        "eef_orientation": [
            0.00032968498681457917,
            0.9999999307560028,
            0.00017045087424181717,
            -2.7245157717734398e-05
        ]
    },
    "cube_positions": {
        "cube_0": {
            "position": [
                0.7282310276236811,
                0.0819382576811045,
                0.027489221363163344
            ],
            "orientation": [
                1.5923322638606425e-06,
                -1.2203523415100465e-05,
                -9.731525164694083e-07,
                0.9999999999237957
            ]
        },
        "cube_1": {
            "position": [
                0.7279743521562909,
                0.08125197517578839,
                0.3180930694600157
            ],
            "orientation": [
                0.004228270431982688,
                -0.005159782317715452,
                -0.007390889264162437,
                0.9999504353374085
            ]
        },
        "cube_2": {
            "position": [
                0.4189113534478518,
                0.27467669795781985,
                0.017489358724250875
            ],
            "orientation": [
                1.8173226416564046e-06,
                -1.340849678336529e-05,
                -1.0084278985441203e-06,
                0.9999999999079463
            ]
        },
        "cube_3": {
            "position": [
                0.7074287058435553,
                -0.19551731329188654,
                0.012489005652930738
            ],
            "orientation": [
                3.9121314309483915e-06,
                -2.501142623958514e-05,
                -1.6455065184527273e-06,
                0.999999999678208
            ]
        },
        "cube_4": {
            "position": [
                0.4832984801420923,
                0.0773377525008961,
                0.007487862677728305
            ],
            "orientation": [
                2.0657726718953992e-06,
                -6.627549153690895e-05,
                -3.923268588268637e-06,
                0.9999999977939499
            ]
        }
    },
    "gripper_state": false,
    "cube_sizes": {
        "cube_0": 0.08,
        "cube_1": 0.07,
        "cube_2": 0.06,
        "cube_3": 0.05,
        "cube_4": 0.04
    },
    "stacking_cube": 1,
    "next_robot_state": {
        "eef_position": [
            0.7280493378639221,
            0.08207705616950989,
            0.11732583492994308
        ],
        "eef_orientation": [
            0.00023231498471325358,
            0.99999995213552,
            0.0001797789757990064,
            -9.715052988582337e-05
        ]
    },
    "next_gripper_state": true
}