{
    "action_label": 4,
    "robot_state": {
        "eef_position": [
            0.4081394076347351,
            -0.19290298223495483,
            0.22176145017147064
        ],
        "eef_orientation": [
            0.00013288925040940645,
            0.9999999728401069,
            0.00014831033656361335,
            0.00012109614579799375
        ]
    },
    "cube_positions": {
        "cube_0": {
            "position": [
                0.72823102783795,
                0.08193825709762716,
                0.027489221657527544
            ],
            "orientation": [
                1.5993341921987165e-06,
                -1.2199733953829646e-05,
                -9.718793846310575e-07,
                0.999999999923832
            ]
        },
        "cube_1": {
            "position": [
                0.4081132363795253,
                -0.1933124759202449,
                0.2215475872134581
            ],
            "orientation": [
                -0.0002375861915381404,
                -0.00183468947005769,
                -0.0013088995979319191,
                0.9999974321212993
            ]
        },
        "cube_2": {
            "position": [
                0.4189113565991387,
                0.274676697047276,
                0.01748936153228667
            ],
            "orientation": [
                1.8254396575343142e-06,
                -1.3351525594058417e-05,
                -1.0017259548092006e-06,
                0.9999999999087005
            ]
        },
        "cube_3": {
            "position": [
                0.7074288386981671,
                -0.19551731071950282,
                0.01248911612647846
            ],
            "orientation": [
                3.510781884165962e-06,
                -2.22386482654937e-05,
                -1.4260674166960448e-06,
                0.9999999997455417
            ]
        },
        "cube_4": {
            "position": [
                0.48329856485895367,
                0.07733775390178908,
                0.007487933228475682
            ],
            "orientation": [
                1.7392644489544026e-06,
                -6.406563744614591e-05,
                -3.745476534702478e-06,
                0.9999999979392702
            ]
        }
    },
    "gripper_state": false,
    "cube_sizes": {
        "cube_0": 0.08,
        "cube_1": 0.07,
        "cube_2": 0.06,
        "cube_3": 0.05,
        "cube_4": 0.04
    },
    "stacking_cube": 1,
    "next_robot_state": {
        "eef_position": [
            0.7276880741119385,
            0.08162273466587067,
            0.31711915135383606
        ],
        "eef_orientation": [
            0.00032968498681457917,
            0.9999999307560028,
            0.00017045087424181717,
            -2.7245157717734398e-05
        ]
    },
    "next_gripper_state": false
}