{
    "action_label": 3,
    "robot_state": {
        "eef_position": [
            0.5745607614517212,
            0.23807479441165924,
            0.02247444912791252
        ],
        "eef_orientation": [
            0.010355992729259418,
            0.9999463724798201,
            4.3995920279929974e-05,
            -6.036057779942075e-05
        ]
    },
    "cube_positions": {
        "cube_0": {
            "position": [
                0.834877080487949,
                -0.02372949794128685,
                0.027489221684400423
            ],
            "orientation": [
                1.5999734539544902e-06,
                -1.2199388014298722e-05,
                -9.717631533314067e-07,
                0.9999999999238354
            ]
        },
        "cube_1": {
            "position": [
                0.5745635522646372,
                0.2380954647090875,
                0.022348720476132337
            ],
            "orientation": [
                0.0010697488609757516,
                -0.0019793610221971636,
                -0.01006605292284514,
                0.9999468047580695
            ]
        },
        "cube_2": {
            "position": [
                0.7317012733701973,
                -0.24366892730911008,
                0.01748936178804507
            ],
            "orientation": [
                1.8261790901062153e-06,
                -1.3346336621011753e-05,
                -1.0011155207263426e-06,
                0.9999999999087691
            ]
        },
        "cube_3": {
            "position": [
                0.5714539529153122,
                0.15211917431567767,
                0.012489364866794417
            ],
            "orientation": [
                5.118518355809526e-06,
                -1.4023757029533898e-05,
                -0.012023758060068529,
                0.999927711896839
            ]
        },
        "cube_4": {
            "position": [
                0.6434652408123855,
                -0.07800257293370584,
                0.007487943410553399
            ],
            "orientation": [
                1.6765985377899538e-06,
                -6.374424235874096e-05,
                -3.7215618862485225e-06,
                0.9999999979600053
            ]
        }
    },
    "gripper_state": false,
    "cube_sizes": {
        "cube_0": 0.08,
        "cube_1": 0.07,
        "cube_2": 0.06,
        "cube_3": 0.05,
        "cube_4": 0.04
    },
    "stacking_cube": 1,
    "next_robot_state": {
        "eef_position": [
            0.5746021866798401,
            0.23806726932525635,
            0.22168733179569244
        ],
        "eef_orientation": [
            0.010486757961755171,
            0.9999450109229073,
            3.139093936663654e-05,
            -4.5303945013516635e-05
        ]
    },
    "next_gripper_state": false
}