{
    "action_label": 3,
    "robot_state": {
        "eef_position": [
            0.40803712606430054,
            -0.19286663830280304,
            0.02244972623884678
        ],
        "eef_orientation": [
            1.4878111725980158e-05,
            0.9999999903455179,
            0.00012861798917100924,
            5.044817904898237e-05
        ]
    },
    "cube_positions": {
        "cube_0": {
            "position": [
                0.7282310279350628,
                0.08193825683315953,
                0.027489221790939374
            ],
            "orientation": [
                1.6025079189624054e-06,
                -1.2198016526831547e-05,
                -9.71302339020922e-07,
                0.9999999999238485
            ]
        },
        "cube_1": {
            "position": [
                0.4080402370541756,
                -0.19316214906672624,
                0.022473857478153524
            ],
            "orientation": [
                -0.002194262304967895,
                -0.00034140065396537643,
                0.0009817413948237529,
                0.999997052416838
            ]
        },
        "cube_2": {
            "position": [
                0.4189113580229743,
                0.2746766966358163,
                0.017489362801042373
            ],
            "orientation": [
                1.8291080134195584e-06,
                -1.3325784373759698e-05,
                -9.9869771392774e-07,
                0.9999999999090402
            ]
        },
        "cube_3": {
            "position": [
                0.7074289074472303,
                -0.19551730905866407,
                0.01248917321756189
            ],
            "orientation": [
                3.3018778925518796e-06,
                -2.0804145898506485e-05,
                -1.314342253580442e-06,
                0.9999999997772788
            ]
        },
        "cube_4": {
            "position": [
                0.4832986269026727,
                0.07733775788122196,
                0.00748798423527109
            ],
            "orientation": [
                1.4255284804280103e-06,
                -6.245724159287694e-05,
                -3.6258138058815505e-06,
                0.9999999980419572
            ]
        }
    },
    "gripper_state": false,
    "cube_sizes": {
        "cube_0": 0.08,
        "cube_1": 0.07,
        "cube_2": 0.06,
        "cube_3": 0.05,
        "cube_4": 0.04
    },
    "stacking_cube": 1,
    "next_robot_state": {
        "eef_position": [
            0.4081394076347351,
            -0.19290298223495483,
            0.22176145017147064
        ],
        "eef_orientation": [
            0.00013288925040940645,
            0.9999999728401069,
            0.00014831033656361335,
            0.00012109614579799375
        ]
    },
    "next_gripper_state": false
}