{
    "action_label": 1,
    "robot_state": {
        "eef_position": [
            0.5746031403541565,
            0.23805654048919678,
            0.3723575472831726
        ],
        "eef_orientation": [
            0.01054819555842567,
            0.9999443658069245,
            1.9049358813383235e-05,
            -2.232870013707946e-05
        ]
    },
    "cube_positions": {
        "cube_0": {
            "position": [
                0.8348770806641854,
                -0.023729498421333466,
                0.027489221926553696
            ],
            "orientation": [
                1.6057342395633215e-06,
                -1.2196270768362272e-05,
                -9.707157436584007e-07,
                0.9999999999238651
            ]
        },
        "cube_1": {
            "position": [
                0.5746373104058722,
                0.23804411603603778,
                0.02248917618929246
            ],
            "orientation": [
                1.2874840783655538e-06,
                -1.4719955269820982e-05,
                -0.010310593492782962,
                0.9999468443089822
            ]
        },
        "cube_2": {
            "position": [
                0.731701275951554,
                -0.24366892805510548,
                0.01748936408825529
            ],
            "orientation": [
                1.8328302709986986e-06,
                -1.3299668740673285e-05,
                -9.956253563438997e-07,
                0.9999999999093842
            ]
        },
        "cube_3": {
            "position": [
                0.5714539972842317,
                0.15211917463847005,
                0.012489399979927315
            ],
            "orientation": [
                4.982491230715962e-06,
                -1.309843059665074e-05,
                -0.012023682370633188,
                0.9999277128202099
            ]
        },
        "cube_4": {
            "position": [
                0.6434654058604615,
                -0.07800255507930982,
                0.007488077985195227
            ],
            "orientation": [
                6.583831916012539e-07,
                -5.949027351937271e-05,
                -3.429190478593023e-06,
                0.9999999982243573
            ]
        }
    },
    "gripper_state": true,
    "cube_sizes": {
        "cube_0": 0.08,
        "cube_1": 0.07,
        "cube_2": 0.06,
        "cube_3": 0.05,
        "cube_4": 0.04
    },
    "stacking_cube": 1,
    "next_robot_state": {
        "eef_position": [
            0.5745217800140381,
            0.23808123171329498,
            0.023024054244160652
        ],
        "eef_orientation": [
            0.01043177767097957,
            0.9999455795309653,
            4.957325647605224e-05,
            -0.00011633399100654823
        ]
    },
    "next_gripper_state": true
}