{
    "action_label": 5,
    "robot_state": {
        "eef_position": [
            0.8346960544586182,
            -0.023412268608808517,
            0.4468224346637726
        ],
        "eef_orientation": [
            0.0005634721468229114,
            0.9999997975553047,
            0.0002953950245909776,
            -1.1413541600131719e-05
        ]
    },
    "cube_positions": {
        "cube_0": {
            "position": [
                0.8358597575828697,
                -0.02306862206212118,
                0.027487463085465076
            ],
            "orientation": [
                -1.97003409283081e-05,
                -4.5802410719251394e-05,
                0.011526000811240618,
                0.9999335722033414
            ]
        },
        "cube_1": {
            "position": [
                0.8385456050125952,
                -0.0186325959641046,
                0.10245652689026742
            ],
            "orientation": [
                3.1560780495265826e-05,
                -0.0004132070335661861,
                0.04774617347800513,
                0.9988594151241068
            ]
        },
        "cube_2": {
            "position": [
                0.8211631404382792,
                -0.022649945767958823,
                0.1674195914769729
            ],
            "orientation": [
                -0.0002433751869102612,
                -0.0004620604068611023,
                -0.027547845821735598,
                0.999620349662451
            ]
        },
        "cube_3": {
            "position": [
                0.8347065357517556,
                -0.023280091979096515,
                0.4471529382825605
            ],
            "orientation": [
                -0.009156125229888568,
                0.0030313633573691933,
                -0.003368746594766227,
                0.9999478125149084
            ]
        },
        "cube_4": {
            "position": [
                0.6434650756214573,
                -0.07800258598317605,
                0.007487783984745432
            ],
            "orientation": [
                3.9875354499462236e-06,
                -6.891231446046798e-05,
                -5.290232400219396e-06,
                0.9999999976036029
            ]
        }
    },
    "gripper_state": false,
    "cube_sizes": {
        "cube_0": 0.08,
        "cube_1": 0.07,
        "cube_2": 0.06,
        "cube_3": 0.05,
        "cube_4": 0.04
    },
    "stacking_cube": 3,
    "next_robot_state": {
        "eef_position": [
            0.8347264528274536,
            -0.023492133244872093,
            0.2471361756324768
        ],
        "eef_orientation": [
            0.00045371857456592173,
            0.9999998496666692,
            0.0003050431164966023,
            -4.189022599026802e-05
        ]
    },
    "next_gripper_state": true
}