{
    "action_label": 3,
    "robot_state": {
        "eef_position": [
            0.4831658601760864,
            0.07744365930557251,
            0.007433121092617512
        ],
        "eef_orientation": [
            5.328663913219239e-05,
            0.999999988580661,
            0.0001407060174036251,
            -1.4178455623532156e-05
        ]
    },
    "cube_positions": {
        "cube_0": {
            "position": [
                0.7319116578033148,
                0.08303703535006074,
                0.027477299149527453
            ],
            "orientation": [
                0.0001989734649839825,
                9.871172670282807e-06,
                0.03688455916799684,
                0.9993195132724582
            ]
        },
        "cube_1": {
            "position": [
                0.7268161948748838,
                0.08626175475837311,
                0.10246184606203039
            ],
            "orientation": [
                0.00033948136019131247,
                3.2699411044888014e-05,
                0.06214558529697095,
                0.9980670367822251
            ]
        },
        "cube_2": {
            "position": [
                0.7293083784907683,
                0.0853965246951332,
                0.1674341648967528
            ],
            "orientation": [
                0.00015608103618342756,
                -0.00010265759273271652,
                0.017737534331199775,
                0.9998426601100686
            ]
        },
        "cube_3": {
            "position": [
                0.7281361039375577,
                0.0808587860324798,
                0.22241409446055238
            ],
            "orientation": [
                0.00014859639694696103,
                7.544155198545528e-05,
                0.008574569907401226,
                0.9999632238130491
            ]
        },
        "cube_4": {
            "position": [
                0.4831667862590021,
                0.07741692781968891,
                0.00756868978226615
            ],
            "orientation": [
                0.004793926423149657,
                -0.001955024422427747,
                0.003811796608575093,
                0.9999793329642228
            ]
        }
    },
    "gripper_state": false,
    "cube_sizes": {
        "cube_0": 0.08,
        "cube_1": 0.07,
        "cube_2": 0.06,
        "cube_3": 0.05,
        "cube_4": 0.04
    },
    "stacking_cube": 4,
    "next_robot_state": {
        "eef_position": [
            0.48325836658477783,
            0.07740402221679688,
            0.2067580372095108
        ],
        "eef_orientation": [
            0.00018479398156613842,
            0.9999999777294164,
            9.777070736700948e-05,
            2.886589326696378e-05
        ]
    },
    "next_gripper_state": false
}