{
    "action_label": 5,
    "robot_state": {
        "eef_position": [
            0.7282013297080994,
            0.08144237101078033,
            0.4466977119445801
        ],
        "eef_orientation": [
            0.00038968869482587415,
            0.9999999104605188,
            0.00016477686092601583,
            -8.382220334269808e-06
        ]
    },
    "cube_positions": {
        "cube_0": {
            "position": [
                0.7313736447646447,
                0.08329983347283589,
                0.027484711890844928
            ],
            "orientation": [
                5.5004669960294575e-05,
                5.968636925934452e-05,
                0.03417850777141409,
                0.9994157408298826
            ]
        },
        "cube_1": {
            "position": [
                0.7268774417088107,
                0.0854442885568793,
                0.10246121296804761
            ],
            "orientation": [
                0.00031511700355029316,
                4.186767179678298e-05,
                0.05699759429751485,
                0.9983742650893341
            ]
        },
        "cube_2": {
            "position": [
                0.7289423093060663,
                0.08478234132344505,
                0.1674400819390803
            ],
            "orientation": [
                0.0002394744048916665,
                0.00023906992136651638,
                0.007265572724776235,
                0.9999735481254307
            ]
        },
        "cube_3": {
            "position": [
                0.7282333101815972,
                0.0811756389439757,
                0.44648230864354854
            ],
            "orientation": [
                0.002749739334856159,
                -0.009400710386067903,
                0.0005236576933400161,
                0.9999518945231555
            ]
        },
        "cube_4": {
            "position": [
                0.48329841217503744,
                0.07733774167330683,
                0.007487783984393299
            ],
            "orientation": [
                3.990520139053674e-06,
                -6.89113316615208e-05,
                -5.2929160184505504e-06,
                0.9999999976036446
            ]
        }
    },
    "gripper_state": false,
    "cube_sizes": {
        "cube_0": 0.08,
        "cube_1": 0.07,
        "cube_2": 0.06,
        "cube_3": 0.05,
        "cube_4": 0.04
    },
    "stacking_cube": 3,
    "next_robot_state": {
        "eef_position": [
            0.7281021475791931,
            0.08207649737596512,
            0.24727270007133484
        ],
        "eef_orientation": [
            0.0003556968796855886,
            0.9999999178379149,
            0.00018466435305519857,
            -6.08520335761e-05
        ]
    },
    "next_gripper_state": true
}