{
    "action_label": 2,
    "robot_state": {
        "eef_position": [
            0.4831709563732147,
            0.07747787982225418,
            0.007859621196985245
        ],
        "eef_orientation": [
            9.428024848682253e-05,
            0.9999999756986905,
            0.00019751564352415364,
            -2.6484410493456253e-05
        ]
    },
    "cube_positions": {
        "cube_0": {
            "position": [
                0.7318996875762533,
                0.08301971742911723,
                0.027478604628801757
            ],
            "orientation": [
                0.00017957043264215595,
                7.192291955160438e-06,
                0.03669351982910333,
                0.9993265498851123
            ]
        },
        "cube_1": {
            "position": [
                0.7268080006089649,
                0.08624321575866786,
                0.10246616804698472
            ],
            "orientation": [
                0.00027910575067163556,
                4.394975615314654e-05,
                0.06184353410995151,
                0.9980858166797032
            ]
        },
        "cube_2": {
            "position": [
                0.7292783140606725,
                0.08535421178890279,
                0.16743766463292226
            ],
            "orientation": [
                0.00023915746473366007,
                -0.0002766783234735952,
                0.01726236250699104,
                0.9998509274354301
            ]
        },
        "cube_3": {
            "position": [
                0.7280995757906792,
                0.08078500160578346,
                0.22241646027937317
            ],
            "orientation": [
                0.00025776952291095263,
                -7.675800783814513e-05,
                0.007943682918739498,
                0.999968412283492
            ]
        },
        "cube_4": {
            "position": [
                0.4832984249571655,
                0.07733774695888876,
                0.007487788931786311
            ],
            "orientation": [
                4.308479558210023e-06,
                -6.879396334503023e-05,
                -5.6103464307725885e-06,
                0.9999999976086758
            ]
        }
    },
    "gripper_state": true,
    "cube_sizes": {
        "cube_0": 0.08,
        "cube_1": 0.07,
        "cube_2": 0.06,
        "cube_3": 0.05,
        "cube_4": 0.04
    },
    "stacking_cube": 4,
    "next_robot_state": {
        "eef_position": [
            0.4831658601760864,
            0.07744365930557251,
            0.007433121092617512
        ],
        "eef_orientation": [
            5.328663913219239e-05,
            0.999999988580661,
            0.0001407060174036251,
            -1.4178455623532156e-05
        ]
    },
    "next_gripper_state": false
}