{
    "action_label": 0,
    "robot_state": {
        "eef_position": [
            0.8346719145774841,
            -0.02350606769323349,
            0.11724068224430084
        ],
        "eef_orientation": [
            0.00028702313371518115,
            0.999999918089333,
            0.00027395644545414813,
            -7.991817077704427e-05
        ]
    },
    "cube_positions": {
        "cube_0": {
            "position": [
                0.8348767502306458,
                -0.023725047849789786,
                0.02748949286927045
            ],
            "orientation": [
                -1.9422111961634254e-06,
                -8.35392867184279e-06,
                2.431746429153079e-05,
                0.9999999996675503
            ]
        },
        "cube_1": {
            "position": [
                0.8352979391233762,
                -0.02048252462010669,
                0.10247028919642473
            ],
            "orientation": [
                9.422787338112152e-05,
                -0.00011066244688691325,
                0.0050419328026672355,
                0.9999872788133578
            ]
        },
        "cube_2": {
            "position": [
                0.7317012680126735,
                -0.24366892576115812,
                0.017489357014098067
            ],
            "orientation": [
                1.8123804644391337e-06,
                -1.3443193569669647e-05,
                -1.012509374686292e-06,
                0.9999999999074853
            ]
        },
        "cube_3": {
            "position": [
                0.5714532841531232,
                0.15211937408555293,
                0.012488886427453801
            ],
            "orientation": [
                3.0434028787021895e-06,
                -2.7934647068869393e-05,
                -0.012024796264149725,
                0.9999276991288915
            ]
        },
        "cube_4": {
            "position": [
                0.6434651100966463,
                -0.07800257409336865,
                0.007487834452328946
            ],
            "orientation": [
                2.155081371487094e-06,
                -6.715738604885402e-05,
                -3.999467426937848e-06,
                0.9999999977346227
            ]
        }
    },
    "gripper_state": true,
    "cube_sizes": {
        "cube_0": 0.08,
        "cube_1": 0.07,
        "cube_2": 0.06,
        "cube_3": 0.05,
        "cube_4": 0.04
    },
    "stacking_cube": 2,
    "next_robot_state": {
        "eef_position": [
            0.7317635416984558,
            -0.243316650390625,
            0.3670308291912079
        ],
        "eef_orientation": [
            0.0005088436220571044,
            0.9999997458014764,
            0.0004516327391357345,
            0.00021331436828308614
        ]
    },
    "next_gripper_state": true
}