{
    "action_label": 4,
    "robot_state": {
        "eef_position": [
            0.7316696047782898,
            -0.24338878691196442,
            0.21651092171669006
        ],
        "eef_orientation": [
            0.00023960693828598234,
            0.9999999052511781,
            0.0003503007341931851,
            9.682740006469457e-05
        ]
    },
    "cube_positions": {
        "cube_0": {
            "position": [
                0.8352436496853175,
                -0.023817831551754036,
                0.027488706512596165
            ],
            "orientation": [
                -2.2436704521953256e-07,
                -2.0687765275572926e-05,
                0.01100847374778417,
                0.9999394047029602
            ]
        },
        "cube_1": {
            "position": [
                0.8352604459021706,
                -0.02029263164542972,
                0.10246474229535399
            ],
            "orientation": [
                -1.9184251509030522e-05,
                0.00022399614071880799,
                0.022118262304176746,
                0.9997553360349407
            ]
        },
        "cube_2": {
            "position": [
                0.7316235318386,
                -0.24364377128947426,
                0.2163329198769031
            ],
            "orientation": [
                0.0018665310864484023,
                -0.0012422580044115239,
                0.001650159132351802,
                0.9999961249082877
            ]
        },
        "cube_3": {
            "position": [
                0.571453281758035,
                0.15211937384048094,
                0.012488884452285074
            ],
            "orientation": [
                3.0507855155939426e-06,
                -2.7984363711052844e-05,
                -0.012024798808407327,
                0.9999276990968824
            ]
        },
        "cube_4": {
            "position": [
                0.6434650625529629,
                -0.07800257756279404,
                0.0074877907716175245
            ],
            "orientation": [
                2.5930626160617243e-06,
                -6.85504298619035e-05,
                -4.300075929986621e-06,
                0.9999999976378119
            ]
        }
    },
    "gripper_state": false,
    "cube_sizes": {
        "cube_0": 0.08,
        "cube_1": 0.07,
        "cube_2": 0.06,
        "cube_3": 0.05,
        "cube_4": 0.04
    },
    "stacking_cube": 2,
    "next_robot_state": {
        "eef_position": [
            0.8346620202064514,
            -0.023904498666524887,
            0.38675421476364136
        ],
        "eef_orientation": [
            0.00047528040729015095,
            0.9999998468619578,
            0.00028258744483360474,
            -2.2998509977732392e-05
        ]
    },
    "next_gripper_state": false
}