{
    "action_label": 0,
    "robot_state": {
        "eef_position": [
            0.6913298964500427,
            0.1742745339870453,
            0.4565303921699524
        ],
        "eef_orientation": [
            0.7071565638830705,
            -0.7070569645181409,
            -0.0001979143341199308,
            -6.255715782012504e-05
        ]
    },
    "cube_positions": {
        "cube_0": {
            "position": [
                0.8348770962393025,
                -0.023729500318754197,
                0.027489115116355572
            ],
            "orientation": [
                1.6025780127109395e-06,
                -1.198928116023955e-05,
                -9.503540021173485e-07,
                0.9999999999263928
            ]
        },
        "cube_1": {
            "position": [
                0.5746382799477872,
                0.23804468414897917,
                0.022487748233035218
            ],
            "orientation": [
                -6.939106273591503e-06,
                -8.605969561167795e-07,
                -0.010310509058964839,
                0.9999468452643137
            ]
        },
        "cube_2": {
            "position": [
                0.7317015337730585,
                -0.2436688890521963,
                0.017489559103369183
            ],
            "orientation": [
                7.305505753666528e-07,
                -8.876442382774772e-06,
                -7.392383992128193e-07,
                0.9999999999600643
            ]
        },
        "cube_3": {
            "position": [
                0.571454491907773,
                0.1521193581055942,
                0.012486547866668352
            ],
            "orientation": [
                9.000836484013819e-07,
                -3.2198596596247327e-06,
                -0.01202356255113047,
                0.9999277143535934
            ]
        },
        "cube_4": {
            "position": [
                0.6434673716676612,
                -0.0780026982589726,
                0.00748804024617957
            ],
            "orientation": [
                8.023734876988906e-07,
                -8.64819010493207e-06,
                -6.846656745495793e-07,
                0.9999999999620481
            ]
        }
    },
    "gripper_state": false,
    "cube_sizes": {
        "cube_0": 0.08,
        "cube_1": 0.07,
        "cube_2": 0.06,
        "cube_3": 0.05,
        "cube_4": 0.04
    },
    "stacking_cube": 1,
    "next_robot_state": {
        "eef_position": [
            0.5746031403541565,
            0.23805654048919678,
            0.3723575472831726
        ],
        "eef_orientation": [
            0.01054819555842567,
            0.9999443658069245,
            1.9049358813383235e-05,
            -2.232870013707946e-05
        ]
    },
    "next_gripper_state": true
}