{
    "action_label": 0,
    "robot_state": {
        "eef_position": [
            0.8347263932228088,
            -0.023492075502872467,
            0.24713490903377533
        ],
        "eef_orientation": [
            0.0004538105135389248,
            0.9999998496125756,
            0.0003050891005307893,
            -4.185074300523966e-05
        ]
    },
    "cube_positions": {
        "cube_0": {
            "position": [
                0.8358789410938475,
                -0.02299697095048989,
                0.027480481506348593
            ],
            "orientation": [
                3.00847176188292e-05,
                -0.00016063943150113085,
                0.011022760179535516,
                0.999939234177711
            ]
        },
        "cube_1": {
            "position": [
                0.838842286804612,
                -0.018542775026363884,
                0.10244343065740362
            ],
            "orientation": [
                0.0003567317890959803,
                -0.00036469444799798933,
                0.0491807779872998,
                0.9987897630717658
            ]
        },
        "cube_2": {
            "position": [
                0.821492114203036,
                -0.02264548422150786,
                0.16740804208855276
            ],
            "orientation": [
                0.00013155775213800108,
                -0.000302517037296042,
                -0.025985663910246145,
                0.9996622611898199
            ]
        },
        "cube_3": {
            "position": [
                0.8340281643813797,
                -0.022949369771808642,
                0.2223931414424183
            ],
            "orientation": [
                0.00019983824731872838,
                -6.536584964303783e-05,
                -0.015031786212697766,
                0.9998869942124642
            ]
        },
        "cube_4": {
            "position": [
                0.6434650791490226,
                -0.07800258487645392,
                0.007487785246172365
            ],
            "orientation": [
                4.08751375166239e-06,
                -6.888417585397019e-05,
                -5.382902579935731e-06,
                0.9999999976046434
            ]
        }
    },
    "gripper_state": true,
    "cube_sizes": {
        "cube_0": 0.08,
        "cube_1": 0.07,
        "cube_2": 0.06,
        "cube_3": 0.05,
        "cube_4": 0.04
    },
    "stacking_cube": 4,
    "next_robot_state": {
        "eef_position": [
            0.6434521079063416,
            -0.077797070145607,
            0.35723504424095154
        ],
        "eef_orientation": [
            0.0003806571825990343,
            0.999999879383051,
            0.0002774753205684793,
            0.00013907350391530453
        ]
    },
    "next_gripper_state": true
}