{
    "action_label": 1,
    "robot_state": {
        "eef_position": [
            0.7317635416984558,
            -0.243316650390625,
            0.3670308291912079
        ],
        "eef_orientation": [
            0.0005088436220571044,
            0.9999997458014764,
            0.0004516327391357345,
            0.00021331436828308614
        ]
    },
    "cube_positions": {
        "cube_0": {
            "position": [
                0.835212755892684,
                -0.023834429678263054,
                0.02748320030613489
            ],
            "orientation": [
                9.864862922428152e-06,
                -0.00010241797279139711,
                0.011065629744570909,
                0.9999387687511668
            ]
        },
        "cube_1": {
            "position": [
                0.835201471860487,
                -0.020314546764558874,
                0.10246293601499352
            ],
            "orientation": [
                -1.3824518658252077e-05,
                8.149791020370402e-05,
                0.022109766997543443,
                0.9997555458062174
            ]
        },
        "cube_2": {
            "position": [
                0.7317012668723046,
                -0.2436689254317295,
                0.017489355997957243
            ],
            "orientation": [
                1.8094443648802315e-06,
                -1.3463809799450827e-05,
                -1.0149344583323978e-06,
                0.9999999999072108
            ]
        },
        "cube_3": {
            "position": [
                0.5714532834304926,
                0.15211937395507816,
                0.01248888584114921
            ],
            "orientation": [
                3.0466167696179647e-06,
                -2.7949491751673036e-05,
                -0.012024796839196933,
                0.9999276991215515
            ]
        },
        "cube_4": {
            "position": [
                0.6434650901268035,
                -0.07800257347746632,
                0.007487817677310023
            ],
            "orientation": [
                2.208145691184845e-06,
                -6.768151500358568e-05,
                -4.0447556369418975e-06,
                0.9999999976989883
            ]
        }
    },
    "gripper_state": true,
    "cube_sizes": {
        "cube_0": 0.08,
        "cube_1": 0.07,
        "cube_2": 0.06,
        "cube_3": 0.05,
        "cube_4": 0.04
    },
    "stacking_cube": 2,
    "next_robot_state": {
        "eef_position": [
            0.7316364049911499,
            -0.24338959157466888,
            0.018140621483325958
        ],
        "eef_orientation": [
            0.00013332282751286008,
            0.9999999342446197,
            0.0003344248668675843,
            4.354065068177356e-05
        ]
    },
    "next_gripper_state": true
}