{
    "action_label": 4,
    "robot_state": {
        "eef_position": [
            0.5713948011398315,
            0.15216435492038727,
            0.21167415380477905
        ],
        "eef_orientation": [
            0.012203488223980563,
            0.9999255312702704,
            7.566201213712153e-05,
            -3.26235305618384e-05
        ]
    },
    "cube_positions": {
        "cube_0": {
            "position": [
                0.8357778600395743,
                -0.02324552862176849,
                0.02748765221329339
            ],
            "orientation": [
                -2.538346003864483e-05,
                -3.516832402449388e-05,
                0.013050018296253699,
                0.9999148439448913
            ]
        },
        "cube_1": {
            "position": [
                0.8376276368306786,
                -0.01880160136032554,
                0.1024555078535353
            ],
            "orientation": [
                2.471240212419764e-05,
                -0.0004219969708930978,
                0.043891028270156875,
                0.9990362350511828
            ]
        },
        "cube_2": {
            "position": [
                0.8201329294252152,
                -0.022688300186064766,
                0.16741860259055652
            ],
            "orientation": [
                -0.0002461407262643487,
                -0.0004698469879816297,
                -0.03142664926030941,
                0.9995059201299511
            ]
        },
        "cube_3": {
            "position": [
                0.5713723242119453,
                0.15205143681453873,
                0.21188214258740737
            ],
            "orientation": [
                -0.0012847343453009528,
                0.001306618079570073,
                -0.012658674021651769,
                0.9999181967435485
            ]
        },
        "cube_4": {
            "position": [
                0.6434650675107152,
                -0.07800258720776879,
                0.0074877815376161875
            ],
            "orientation": [
                3.703517925874085e-06,
                -6.895664028913193e-05,
                -5.051601396675412e-06,
                0.9999999976028735
            ]
        }
    },
    "gripper_state": false,
    "cube_sizes": {
        "cube_0": 0.08,
        "cube_1": 0.07,
        "cube_2": 0.06,
        "cube_3": 0.05,
        "cube_4": 0.04
    },
    "stacking_cube": 3,
    "next_robot_state": {
        "eef_position": [
            0.8346960544586182,
            -0.023412268608808517,
            0.4468224346637726
        ],
        "eef_orientation": [
            0.0005634721468229114,
            0.9999997975553047,
            0.0002953950245909776,
            -1.1413541600131719e-05
        ]
    },
    "next_gripper_state": false
}