{
    "action_label": 0,
    "robot_state": {
        "eef_position": [
            0.7281020283699036,
            0.08207651227712631,
            0.2472715973854065
        ],
        "eef_orientation": [
            0.0003557066585705884,
            0.9999999178328177,
            0.00018467011561255775,
            -6.0861146712495985e-05
        ]
    },
    "cube_positions": {
        "cube_0": {
            "position": [
                0.731513491275274,
                0.08323530198379733,
                0.027476224963035617
            ],
            "orientation": [
                0.00021222507816622487,
                1.9876880135382348e-05,
                0.0347614121351279,
                0.9993956167563463
            ]
        },
        "cube_1": {
            "position": [
                0.7269250731756112,
                0.08560256399494857,
                0.10246323108595289
            ],
            "orientation": [
                0.0003015301906628691,
                -4.460787479115323e-06,
                0.05805817917462569,
                0.9983131557234797
            ]
        },
        "cube_2": {
            "position": [
                0.7290643310016289,
                0.08489296330474418,
                0.1674493904712719
            ],
            "orientation": [
                0.0003810417912777718,
                3.219302357500171e-05,
                0.008936637872540724,
                0.9999599943369223
            ]
        },
        "cube_3": {
            "position": [
                0.7278903975580927,
                0.08026193039864113,
                0.22242410208025037
            ],
            "orientation": [
                8.553011030450811e-05,
                3.416473644672979e-05,
                -0.0005385215021637668,
                0.9999998507559702
            ]
        },
        "cube_4": {
            "position": [
                0.4832984158123326,
                0.07733774278313339,
                0.00748778524596377
            ],
            "orientation": [
                4.090271758307617e-06,
                -6.888033158650069e-05,
                -5.385415346332324e-06,
                0.9999999976048835
            ]
        }
    },
    "gripper_state": true,
    "cube_sizes": {
        "cube_0": 0.08,
        "cube_1": 0.07,
        "cube_2": 0.06,
        "cube_3": 0.05,
        "cube_4": 0.04
    },
    "stacking_cube": 4,
    "next_robot_state": {
        "eef_position": [
            0.48326921463012695,
            0.07739318162202835,
            0.3573938310146332
        ],
        "eef_orientation": [
            0.0002246019204604517,
            0.9999999694174908,
            7.738519568135894e-05,
            6.87788216916891e-05
        ]
    },
    "next_gripper_state": true
}