{
    "action_label": 3,
    "robot_state": {
        "eef_position": [
            0.7073136568069458,
            -0.19528695940971375,
            0.012379293330013752
        ],
        "eef_orientation": [
            6.993243168333499e-05,
            0.9999999637331363,
            0.0002600628419470511,
            3.240257986495223e-06
        ]
    },
    "cube_positions": {
        "cube_0": {
            "position": [
                0.7309427534729672,
                0.08358563370448895,
                0.02748494225705167
            ],
            "orientation": [
                1.5704737324111686e-05,
                9.166989137910248e-05,
                0.03211853202116146,
                0.9994840625296623
            ]
        },
        "cube_1": {
            "position": [
                0.726795841051682,
                0.08476313397817975,
                0.10245741894480456
            ],
            "orientation": [
                0.00034013525740970296,
                7.400481043477957e-05,
                0.05303081976175151,
                0.9985928154091093
            ]
        },
        "cube_2": {
            "position": [
                0.7285710691927401,
                0.08426662165734054,
                0.1674295929810426
            ],
            "orientation": [
                0.00026655194376272765,
                0.0004195643077589005,
                0.0010968397595776237,
                0.9999992749289345
            ]
        },
        "cube_3": {
            "position": [
                0.7072970503970445,
                -0.1955127413538304,
                0.012614529417375057
            ],
            "orientation": [
                0.00014300861297153117,
                0.00013842669680349487,
                0.0003567163930741795,
                0.9999999165699971
            ]
        },
        "cube_4": {
            "position": [
                0.48329840162520604,
                0.0773377405316875,
                0.007487781122740877
            ],
            "orientation": [
                3.5959319228288596e-06,
                -6.895847000200051e-05,
                -4.968518980570414e-06,
                0.9999999976035562
            ]
        }
    },
    "gripper_state": false,
    "cube_sizes": {
        "cube_0": 0.08,
        "cube_1": 0.07,
        "cube_2": 0.06,
        "cube_3": 0.05,
        "cube_4": 0.04
    },
    "stacking_cube": 3,
    "next_robot_state": {
        "eef_position": [
            0.7073807120323181,
            -0.19526444375514984,
            0.21153874695301056
        ],
        "eef_orientation": [
            0.0002353688412102313,
            0.9999999161549737,
            0.00032524589126420024,
            8.066389805216997e-05
        ]
    },
    "next_gripper_state": false
}