{
    "action_label": 6,
    "robot_state": {
        "eef_position": [
            0.7280730605125427,
            0.08207856118679047,
            0.18729417026042938
        ],
        "eef_orientation": [
            0.0003023594599230223,
            0.9999999342393038,
            0.00018384946338809388,
            -7.936951393528534e-05
        ]
    },
    "cube_positions": {
        "cube_0": {
            "position": [
                0.730754491338627,
                0.08360601420939248,
                0.027482184077978807
            ],
            "orientation": [
                0.00013071227672102598,
                8.591495850635989e-07,
                0.03056271567334105,
                0.9995328425440723
            ]
        },
        "cube_1": {
            "position": [
                0.7267917212580675,
                0.08440407563351267,
                0.10246420074190296
            ],
            "orientation": [
                0.00016700061441756733,
                0.0001449893108683173,
                0.050598878040038736,
                0.9987190318753236
            ]
        },
        "cube_2": {
            "position": [
                0.7283396179034725,
                0.08405991270628697,
                0.16744372733141166
            ],
            "orientation": [
                0.0003758750631965238,
                0.00012776566156943853,
                -0.0030111496224810887,
                0.999995387675275
            ]
        },
        "cube_3": {
            "position": [
                0.7074287007428781,
                -0.19551731245941742,
                0.012489001024935272
            ],
            "orientation": [
                3.909327484158228e-06,
                -2.512034570565259e-05,
                -1.6566910340225286e-06,
                0.9999999996754704
            ]
        },
        "cube_4": {
            "position": [
                0.48329839698211374,
                0.0773377433038577,
                0.007487783074244534
            ],
            "orientation": [
                3.138391679437248e-06,
                -6.884869448286832e-05,
                -4.6438313402857195e-06,
                0.9999999976142213
            ]
        }
    },
    "gripper_state": true,
    "cube_sizes": {
        "cube_0": 0.08,
        "cube_1": 0.07,
        "cube_2": 0.06,
        "cube_3": 0.05,
        "cube_4": 0.04
    },
    "stacking_cube": 2,
    "next_robot_state": {
        "eef_position": [
            0.7280729413032532,
            0.08207859098911285,
            0.1872931271791458
        ],
        "eef_orientation": [
            0.00030242194583964406,
            0.9999999342162096,
            0.00018387252816934248,
            -7.936899006450738e-05
        ]
    },
    "next_gripper_state": true
}