{
    "action_label": 5,
    "robot_state": {
        "eef_position": [
            0.8348539471626282,
            -0.02355683408677578,
            0.4967558681964874
        ],
        "eef_orientation": [
            0.0006975849389202935,
            0.999999701591215,
            0.00032902488588708073,
            4.399270981716673e-05
        ]
    },
    "cube_positions": {
        "cube_0": {
            "position": [
                0.8359235862176713,
                -0.02262974806959464,
                0.02747763064745202
            ],
            "orientation": [
                -3.812605166422212e-06,
                -0.00019291059563984828,
                0.010895857355408685,
                0.9999406197687224
            ]
        },
        "cube_1": {
            "position": [
                0.8400937361925206,
                -0.01686601493886784,
                0.10244800749734298
            ],
            "orientation": [
                6.90540853359978e-06,
                -0.0005912938944470751,
                0.05871569058835729,
                0.9982745704477191
            ]
        },
        "cube_2": {
            "position": [
                0.8231724334251234,
                -0.02092786848656322,
                0.1674166067237068
            ],
            "orientation": [
                -1.540744886601636e-05,
                -0.0006705068192861974,
                -0.02032597329636878,
                0.9997931811093588
            ]
        },
        "cube_3": {
            "position": [
                0.8360102384524466,
                -0.02082220028739483,
                0.22239934512803855
            ],
            "orientation": [
                -0.00016573843350611872,
                1.225500843790115e-05,
                -0.01205345985847239,
                0.9999273406033193
            ]
        },
        "cube_4": {
            "position": [
                0.8353296332070632,
                -0.02390061258849096,
                0.49622864095696484
            ],
            "orientation": [
                0.0013102286308613077,
                -0.016290874439639273,
                -0.0008104904534111806,
                0.9998661079445346
            ]
        }
    },
    "gripper_state": false,
    "cube_sizes": {
        "cube_0": 0.08,
        "cube_1": 0.07,
        "cube_2": 0.06,
        "cube_3": 0.05,
        "cube_4": 0.04
    },
    "stacking_cube": 4,
    "next_robot_state": {
        "eef_position": [
            0.8347609639167786,
            -0.023491207510232925,
            0.2970968782901764
        ],
        "eef_orientation": [
            0.000516631871011611,
            0.9999998167091797,
            0.0003147949159487843,
            -2.4026603461363e-05
        ]
    },
    "next_gripper_state": true
}