{
    "action_label": 4,
    "robot_state": {
        "eef_position": [
            0.5746021866798401,
            0.23806726932525635,
            0.22168733179569244
        ],
        "eef_orientation": [
            0.010486757961755171,
            0.9999450109229073,
            3.139093936663654e-05,
            -4.5303945013516635e-05
        ]
    },
    "cube_positions": {
        "cube_0": {
            "position": [
                0.8348770803926672,
                -0.023729497681828637,
                0.0274892215535098
            ],
            "orientation": [
                1.5968598541700886e-06,
                -1.220107300176008e-05,
                -9.723292763757066e-07,
                0.9999999999238192
            ]
        },
        "cube_1": {
            "position": [
                0.5746005327401927,
                0.2380790835558563,
                0.2214320991107482
            ],
            "orientation": [
                0.0008744418671254327,
                -0.0017784485699942527,
                -0.009912264480122395,
                0.9999489084373167
            ]
        },
        "cube_2": {
            "position": [
                0.7317012719711503,
                -0.24366892690483896,
                0.01748936054138316
            ],
            "orientation": [
                1.8225750209171596e-06,
                -1.3371629633831839e-05,
                -1.0040909805010271e-06,
                0.9999999999084347
            ]
        },
        "cube_3": {
            "position": [
                0.5714533910167499,
                0.1521194177409421,
                0.012488968990118266
            ],
            "orientation": [
                2.1427857877580266e-06,
                -2.580621295967363e-05,
                -0.012024793934234924,
                0.9999276992164419
            ]
        },
        "cube_4": {
            "position": [
                0.643465194973566,
                -0.07800257465643777,
                0.007487905415206332
            ],
            "orientation": [
                1.8776382453751805e-06,
                -6.493668123354831e-05,
                -3.814317278707799e-06,
                0.9999999978825764
            ]
        }
    },
    "gripper_state": false,
    "cube_sizes": {
        "cube_0": 0.08,
        "cube_1": 0.07,
        "cube_2": 0.06,
        "cube_3": 0.05,
        "cube_4": 0.04
    },
    "stacking_cube": 1,
    "next_robot_state": {
        "eef_position": [
            0.8344364166259766,
            -0.023179447278380394,
            0.3169863820075989
        ],
        "eef_orientation": [
            0.00040458428033744633,
            0.9999998822438162,
            0.00026525670584651607,
            -3.824648598411538e-05
        ]
    },
    "next_gripper_state": false
}